1,311253,010501190,ComipemsV2,1516,30,0,60,0,-,-,-,-,-,-,0,0,0,0,0,0,-,-,-,00/01/1900 00:00,00/01/1900 00:00,N
2,311755,011802043,ComipemsV2,1516,30,0,60,0,-,-,-,-,-,-,0,0,0,0,0,0,-,-,-,00/01/1900 00:00,00/01/1900 00:00,N
3,311867,014602250,ComipemsV2,1516,30,0,60,0,-,-,-,-,-,-,0,0,0,0,0,0,-,-,-,00/01/1900 00:00,00/01/1900 00:00,N
4,312025,011202714,ComipemsV2,1516,30,0,60,0,-,-,-,-,-,-,0,0,0,0,0,0,-,-,-,00/01/1900 00:00,00/01/1900 00:00,N
5,312893,012804152,ComipemsV2,1516,30,0,60,0,-,-,-,-,-,-,0,0,0,0,0,0,-,-,-,00/01/1900 00:00,00/01/1900 00:00,N
6,312939,013404165,ComipemsV2,1516,30,0,60,0,-,-,-,-,-,-,0,0,0,0,0,0,-,-,-,00/01/1900 00:00,00/01/1900 00:00,N
7,313357,012804848,ComipemsV2,1516,30,0,60,0,-,-,-,-,-,-,0,0,0,0,0,0,-,-,-,00/01/1900 00:00,00/01/1900 00:00,N
8,313885,016005705,ComipemsV2,1516,30,0,60,0,-,-,-,-,-,-,0,0,0,0,0,0,-,-,-,00/01/1900 00:00,00/01/1900 00:00,N
9,314684,014207933,ComipemsV2,1516,30,0,60,0,-,-,-,-,-,-,0,0,0,0,0,0,-,-,-,00/01/1900 00:00,00/01/1900 00:00,N
10,315041,014608508,ComipemsV2,1516,30,0,60,0,-,-,-,-,-,-,0,0,0,0,0,0,-,-,-,00/01/1900 00:00,00/01/1900 00:00,N
11,315210,017008768,ComipemsV2,1516,30,0,60,0,-,-,-,-,-,-,0,0,0,0,0,0,-,-,-,00/01/1900 00:00,00/01/1900 00:00,N
12,315991,011409982,ComipemsV2,1516,30,0,60,0,-,-,-,-,-,-,0,0,0,0,0,0,-,-,-,00/01/1900 00:00,00/01/1900 00:00,N
13,316212,011210487,ComipemsV2,1516,30,0,60,0,-,-,-,-,-,-,0,0,0,0,0,0,-,-,-,00/01/1900 00:00,00/01/1900 00:00,N
14,316485,016906576,ComipemsV2,1516,30,0,60,0,-,-,-,-,-,-,0,0,0,0,0,0,-,-,-,00/01/1900 00:00,00/01/1900 00:00,N
15,316559,017210968,ComipemsV2,1516,30,0,60,0,-,-,-,-,-,-,0,0,0,0,0,0,-,-,-,00/01/1900 00:00,00/01/1900 00:00,N
16,316727,010111385,ComipemsV2,1516,30,0,60,0,-,-,-,-,-,-,0,0,0,0,0,0,-,-,-,00/01/1900 00:00,00/01/1900 00:00,N
17,317379,011807008,ComipemsV2,1516,30,0,60,0,-,-,-,-,-,-,0,0,0,0,0,0,-,-,-,00/01/1900 00:00,00/01/1900 00:00,N
18,317941,170301827,ComipemsV2,1516,30,0,60,0,-,-,-,-,-,-,0,0,0,0,0,0,-,-,-,00/01/1900 00:00,00/01/1900 00:00,N
19,318857,180200500,ComipemsV2,1516,30,0,60,0,-,-,-,-,-,-,0,0,0,0,0,0,-,-,-,00/01/1900 00:00,00/01/1900 00:00,N
20,318971,180200707,ComipemsV2,1516,30,0,60,0,-,-,-,-,-,-,0,0,0,0,0,0,-,-,-,00/01/1900 00:00,00/01/1900 00:00,N
21,319036,180500776,ComipemsV2,1516,30,0,60,0,-,-,-,-,-,-,0,0,0,0,0,0,-,-,-,00/01/1900 00:00,00/01/1900 00:00,N
22,319232,180301126,ComipemsV2,1516,30,0,60,0,-,-,-,-,-,-,0,0,0,0,0,0,-,-,-,00/01/1900 00:00,00/01/1900 00:00,N
23,319688,180401735,ComipemsV2,1516,30,0,60,0,-,-,-,-,-,-,0,0,0,0,0,0,-,-,-,00/01/1900 00:00,00/01/1900 00:00,N
24,319992,180100226,ComipemsV2,1516,30,0,60,0,-,-,-,-,-,-,0,0,0,0,0,0,-,-,-,00/01/1900 00:00,00/01/1900 00:00,N
25,320080,013445727,ComipemsV2,1516,30,0,60,0,-,-,-,-,-,-,0,0,0,0,0,0,-,-,-,00/01/1900 00:00,00/01/1900 00:00,N
26,320133,015146573,ComipemsV2,1516,30,0,60,0,-,-,-,-,-,-,0,0,0,0,0,0,-,-,-,00/01/1900 00:00,00/01/1900 00:00,N
27,320615,016547388,ComipemsV2,1516,30,0,60,0,-,-,-,-,-,-,0,0,0,0,0,0,-,-,-,00/01/1900 00:00,00/01/1900 00:00,N
28,320689,016945733,ComipemsV2,1516,30,0,60,0,-,-,-,-,-,-,0,0,0,0,0,0,-,-,-,00/01/1900 00:00,00/01/1900 00:00,N
29,320902,011447871,ComipemsV2,1516,30,0,60,0,-,-,-,-,-,-,0,0,0,0,0,0,-,-,-,00/01/1900 00:00,00/01/1900 00:00,N
30,321402,010148775,ComipemsV2,1516,30,0,60,0,-,-,-,-,-,-,0,0,0,0,0,0,-,-,-,00/01/1900 00:00,00/01/1900 00:00,N
31,321539,012849046,ComipemsV2,1516,30,0,60,0,-,-,-,-,-,-,0,0,0,0,0,0,-,-,-,00/01/1900 00:00,00/01/1900 00:00,N
32,321901,017049750,ComipemsV2,1516,30,0,60,0,-,-,-,-,-,-,0,0,0,0,0,0,-,-,-,00/01/1900 00:00,00/01/1900 00:00,N
33,322127,016746247,ComipemsV2,1516,30,0,60,0,-,-,-,-,-,-,0,0,0,0,0,0,-,-,-,00/01/1900 00:00,00/01/1900 00:00,N
34,323229,013852502,ComipemsV2,1516,30,0,60,0,-,-,-,-,-,-,0,0,0,0,0,0,-,-,-,00/01/1900 00:00,00/01/1900 00:00,N
35,323493,010552927,ComipemsV2,1516,30,0,60,0,-,-,-,-,-,-,0,0,0,0,0,0,-,-,-,00/01/1900 00:00,00/01/1900 00:00,N
36,323921,010553796,ComipemsV2,1516,30,0,60,0,-,-,-,-,-,-,0,0,0,0,0,0,-,-,-,00/01/1900 00:00,00/01/1900 00:00,N
37,324046,010353920,ComipemsV2,1516,30,0,60,0,-,-,-,-,-,-,0,0,0,0,0,0,-,-,-,00/01/1900 00:00,00/01/1900 00:00,N
38,324524,300500408,ComipemsV2,1516,30,0,60,0,-,-,-,-,-,-,0,0,0,0,0,0,-,-,-,00/01/1900 00:00,00/01/1900 00:00,N
39,324570,300300602,ComipemsV2,1516,30,0,60,0,-,-,-,-,-,-,0,0,0,0,0,0,-,-,-,00/01/1900 00:00,00/01/1900 00:00,N
40,324584,300400620,ComipemsV2,1516,30,0,60,0,-,-,-,-,-,-,0,0,0,0,0,0,-,-,-,00/01/1900 00:00,00/01/1900 00:00,N
41,324879,300401683,ComipemsV2,1516,30,0,60,0,-,-,-,-,-,-,0,0,0,0,0,0,-,-,-,00/01/1900 00:00,00/01/1900 00:00,N
42,325061,290407991,ComipemsV2,1516,30,0,60,0,-,-,-,-,-,-,0,0,0,0,0,0,-,-,-,00/01/1900 00:00,00/01/1900 00:00,N
43,325298,300100008,ComipemsV2,1516,30,0,60,0,-,-,-,-,-,-,0,0,0,0,0,0,-,-,-,00/01/1900 00:00,00/01/1900 00:00,N
44,325402,300501863,ComipemsV2,1516,30,0,60,0,-,-,-,-,-,-,0,0,0,0,0,0,-,-,-,00/01/1900 00:00,00/01/1900 00:00,N
45,325469,300203484,ComipemsV2,1516,30,0,60,0,-,-,-,-,-,-,0,0,0,0,0,0,-,-,-,00/01/1900 00:00,00/01/1900 00:00,N
46,325581,300403842,ComipemsV2,1516,30,0,60,0,-,-,-,-,-,-,0,0,0,0,0,0,-,-,-,00/01/1900 00:00,00/01/1900 00:00,N
47,325602,300203884,ComipemsV2,1516,30,0,60,0,-,-,-,-,-,-,0,0,0,0,0,0,-,-,-,00/01/1900 00:00,00/01/1900 00:00,N
48,325629,300203988,ComipemsV2,1516,30,0,60,0,-,-,-,-,-,-,0,0,0,0,0,0,-,-,-,00/01/1900 00:00,00/01/1900 00:00,N
49,325670,300104152,ComipemsV2,1516,30,0,60,0,-,-,-,-,-,-,0,0,0,0,0,0,-,-,-,00/01/1900 00:00,00/01/1900 00:00,N
50,325754,300204317,ComipemsV2,1516,30,0,60,0,-,-,-,-,-,-,0,0,0,0,0,0,-,-,-,00/01/1900 00:00,00/01/1900 00:00,N
51,326017,300402336,ComipemsV2,1516,30,0,60,0,-,-,-,-,-,-,0,0,0,0,0,0,-,-,-,00/01/1900 00:00,00/01/1900 00:00,N
52,326134,300402806,ComipemsV2,1516,30,0,60,0,-,-,-,-,-,-,0,0,0,0,0,0,-,-,-,00/01/1900 00:00,00/01/1900 00:00,N
53,326169,300503001,ComipemsV2,1516,30,0,60,0,-,-,-,-,-,-,0,0,0,0,0,0,-,-,-,00/01/1900 00:00,00/01/1900 00:00,N
54,326302,040404083,ComipemsV2,1516,30,0,60,0,-,-,-,-,-,-,0,0,0,0,0,0,-,-,-,00/01/1900 00:00,00/01/1900 00:00,N
55,326505,050500629,ComipemsV2,1516,30,0,60,0,-,-,-,-,-,-,0,0,0,0,0,0,-,-,-,00/01/1900 00:00,00/01/1900 00:00,N
56,326889,040204157,ComipemsV2,1516,30,0,60,0,-,-,-,-,-,-,0,0,0,0,0,0,-,-,-,00/01/1900 00:00,00/01/1900 00:00,N
57,326891,040104130,ComipemsV2,1516,30,0,60,0,-,-,-,-,-,-,0,0,0,0,0,0,-,-,-,00/01/1900 00:00,00/01/1900 00:00,N
58,326964,050801050,ComipemsV2,1516,30,0,60,0,-,-,-,-,-,-,0,0,0,0,0,0,-,-,-,00/01/1900 00:00,00/01/1900 00:00,N
59,327096,050201181,ComipemsV2,1516,30,0,60,0,-,-,-,-,-,-,0,0,0,0,0,0,-,-,-,00/01/1900 00:00,00/01/1900 00:00,N
60,327203,050601304,ComipemsV2,1516,30,0,60,0,-,-,-,-,-,-,0,0,0,0,0,0,-,-,-,00/01/1900 00:00,00/01/1900 00:00,N
61,327364,050301496,ComipemsV2,1516,30,0,60,0,-,-,-,-,-,-,0,0,0,0,0,0,-,-,-,00/01/1900 00:00,00/01/1900 00:00,N
62,327450,050300012,ComipemsV2,1516,30,0,60,0,-,-,-,-,-,-,0,0,0,0,0,0,-,-,-,00/01/1900 00:00,00/01/1900 00:00,N
63,328891,050103135,ComipemsV2,1516,30,0,60,0,-,-,-,-,-,-,0,0,0,0,0,0,-,-,-,00/01/1900 00:00,00/01/1900 00:00,N
64,329069,050803326,ComipemsV2,1516,30,0,60,0,-,-,-,-,-,-,0,0,0,0,0,0,-,-,-,00/01/1900 00:00,00/01/1900 00:00,N
65,329079,050703309,ComipemsV2,1516,30,0,60,0,-,-,-,-,-,-,0,0,0,0,0,0,-,-,-,00/01/1900 00:00,00/01/1900 00:00,N
66,329462,050703702,ComipemsV2,1516,30,0,60,0,-,-,-,-,-,-,0,0,0,0,0,0,-,-,-,00/01/1900 00:00,00/01/1900 00:00,N
67,329560,050503802,ComipemsV2,1516,30,0,60,0,-,-,-,-,-,-,0,0,0,0,0,0,-,-,-,00/01/1900 00:00,00/01/1900 00:00,N
68,329634,050603925,ComipemsV2,1516,30,0,60,0,-,-,-,-,-,-,0,0,0,0,0,0,-,-,-,00/01/1900 00:00,00/01/1900 00:00,N
69,329736,050204000,ComipemsV2,1516,30,0,60,0,-,-,-,-,-,-,0,0,0,0,0,0,-,-,-,00/01/1900 00:00,00/01/1900 00:00,N
70,329782,050604051,ComipemsV2,1516,30,0,60,0,-,-,-,-,-,-,0,0,0,0,0,0,-,-,-,00/01/1900 00:00,00/01/1900 00:00,N
71,330024,050502195,ComipemsV2,1516,30,0,60,0,-,-,-,-,-,-,0,0,0,0,0,0,-,-,-,00/01/1900 00:00,00/01/1900 00:00,N
72,330210,050602354,ComipemsV2,1516,30,0,60,0,-,-,-,-,-,-,0,0,0,0,0,0,-,-,-,00/01/1900 00:00,00/01/1900 00:00,N
73,330733,370200010,ComipemsV2,1516,30,0,60,0,-,-,-,-,-,-,0,0,0,0,0,0,-,-,-,00/01/1900 00:00,00/01/1900 00:00,N
74,331039,370501130,ComipemsV2,1516,30,0,60,0,-,-,-,-,-,-,0,0,0,0,0,0,-,-,-,00/01/1900 00:00,00/01/1900 00:00,N
75,332421,380101549,ComipemsV2,1516,30,0,60,0,-,-,-,-,-,-,0,0,0,0,0,0,-,-,-,00/01/1900 00:00,00/01/1900 00:00,N
76,332536,380201768,ComipemsV2,1516,30,0,60,0,-,-,-,-,-,-,0,0,0,0,0,0,-,-,-,00/01/1900 00:00,00/01/1900 00:00,N
77,332615,380401945,ComipemsV2,1516,30,0,60,0,-,-,-,-,-,-,0,0,0,0,0,0,-,-,-,00/01/1900 00:00,00/01/1900 00:00,N
78,332910,380202546,ComipemsV2,1516,30,0,60,0,-,-,-,-,-,-,0,0,0,0,0,0,-,-,-,00/01/1900 00:00,00/01/1900 00:00,N
79,333164,360204758,ComipemsV2,1516,30,0,60,0,-,-,-,-,-,-,0,0,0,0,0,0,-,-,-,00/01/1900 00:00,00/01/1900 00:00,N
80,333471,380204620,ComipemsV2,1516,30,0,60,0,-,-,-,-,-,-,0,0,0,0,0,0,-,-,-,00/01/1900 00:00,00/01/1900 00:00,N
81,333530,380104865,ComipemsV2,1516,30,0,60,0,-,-,-,-,-,-,0,0,0,0,0,0,-,-,-,00/01/1900 00:00,00/01/1900 00:00,N
82,333579,380404917,ComipemsV2,1516,30,0,60,0,-,-,-,-,-,-,0,0,0,0,0,0,-,-,-,00/01/1900 00:00,00/01/1900 00:00,N
83,334312,390200788,ComipemsV2,1516,30,0,60,0,-,-,-,-,-,-,0,0,0,0,0,0,-,-,-,00/01/1900 00:00,00/01/1900 00:00,N
84,334772,390301427,ComipemsV2,1516,30,0,60,0,-,-,-,-,-,-,0,0,0,0,0,0,-,-,-,00/01/1900 00:00,00/01/1900 00:00,N
85,334863,390201506,ComipemsV2,1516,30,0,60,0,-,-,-,-,-,-,0,0,0,0,0,0,-,-,-,00/01/1900 00:00,00/01/1900 00:00,N
86,334920,390201705,ComipemsV2,1516,30,0,60,0,-,-,-,-,-,-,0,0,0,0,0,0,-,-,-,00/01/1900 00:00,00/01/1900 00:00,N
87,335178,390402004,ComipemsV2,1516,30,0,60,0,-,-,-,-,-,-,0,0,0,0,0,0,-,-,-,00/01/1900 00:00,00/01/1900 00:00,N
88,335366,390102210,ComipemsV2,1516,30,0,60,0,-,-,-,-,-,-,0,0,0,0,0,0,-,-,-,00/01/1900 00:00,00/01/1900 00:00,N
89,335391,390502275,ComipemsV2,1516,30,0,60,0,-,-,-,-,-,-,0,0,0,0,0,0,-,-,-,00/01/1900 00:00,00/01/1900 00:00,N
90,335955,390303143,ComipemsV2,1516,30,0,60,0,-,-,-,-,-,-,0,0,0,0,0,0,-,-,-,00/01/1900 00:00,00/01/1900 00:00,N
91,335987,390603136,ComipemsV2,1516,30,0,60,0,-,-,-,-,-,-,0,0,0,0,0,0,-,-,-,00/01/1900 00:00,00/01/1900 00:00,N
92,336848,110301660,ComipemsV2,1516,30,0,60,0,-,-,-,-,-,-,0,0,0,0,0,0,-,-,-,00/01/1900 00:00,00/01/1900 00:00,N
93,337543,120200345,ComipemsV2,1516,30,0,60,0,-,-,-,-,-,-,0,0,0,0,0,0,-,-,-,00/01/1900 00:00,00/01/1900 00:00,N
94,337956,120100845,ComipemsV2,1516,30,0,60,0,-,-,-,-,-,-,0,0,0,0,0,0,-,-,-,00/01/1900 00:00,00/01/1900 00:00,N
95,340286,120504258,ComipemsV2,1516,30,0,60,0,-,-,-,-,-,-,0,0,0,0,0,0,-,-,-,00/01/1900 00:00,00/01/1900 00:00,N
96,340532,130400134,ComipemsV2,1516,30,0,60,0,-,-,-,-,-,-,0,0,0,0,0,0,-,-,-,00/01/1900 00:00,00/01/1900 00:00,N
97,340837,130200492,ComipemsV2,1516,30,0,60,0,-,-,-,-,-,-,0,0,0,0,0,0,-,-,-,00/01/1900 00:00,00/01/1900 00:00,N
98,341437,130501181,ComipemsV2,1516,30,0,60,0,-,-,-,-,-,-,0,0,0,0,0,0,-,-,-,00/01/1900 00:00,00/01/1900 00:00,N
99,341568,120402341,ComipemsV2,1516,30,0,60,0,-,-,-,-,-,-,0,0,0,0,0,0,-,-,-,00/01/1900 00:00,00/01/1900 00:00,N
100,342160,015226629,ComipemsV2,1516,30,0,60,0,-,-,-,-,-,-,0,0,0,0,0,0,-,-,-,00/01/1900 00:00,00/01/1900 00:00,N
101,342750,014627482,ComipemsV2,1516,30,0,60,0,-,-,-,-,-,-,0,0,0,0,0,0,-,-,-,00/01/1900 00:00,00/01/1900 00:00,N
102,343174,016328183,ComipemsV2,1516,30,0,60,0,-,-,-,-,-,-,0,0,0,0,0,0,-,-,-,00/01/1900 00:00,00/01/1900 00:00,N
103,343284,011228456,ComipemsV2,1516,30,0,60,0,-,-,-,-,-,-,0,0,0,0,0,0,-,-,-,00/01/1900 00:00,00/01/1900 00:00,N
104,343339,017328530,ComipemsV2,1516,30,0,60,0,-,-,-,-,-,-,0,0,0,0,0,0,-,-,-,00/01/1900 00:00,00/01/1900 00:00,N
105,343508,015828734,ComipemsV2,1516,30,0,60,0,-,-,-,-,-,-,0,0,0,0,0,0,-,-,-,00/01/1900 00:00,00/01/1900 00:00,N
106,343571,011828820,ComipemsV2,1516,30,0,60,0,-,-,-,-,-,-,0,0,0,0,0,0,-,-,-,00/01/1900 00:00,00/01/1900 00:00,N
107,343591,017628930,ComipemsV2,1516,30,0,60,0,-,-,-,-,-,-,0,0,0,0,0,0,-,-,-,00/01/1900 00:00,00/01/1900 00:00,N
108,344477,014631046,ComipemsV2,1516,30,0,60,0,-,-,-,-,-,-,0,0,0,0,0,0,-,-,-,00/01/1900 00:00,00/01/1900 00:00,N
109,344560,011531244,ComipemsV2,1516,30,0,60,0,-,-,-,-,-,-,0,0,0,0,0,0,-,-,-,00/01/1900 00:00,00/01/1900 00:00,N
110,344624,010431356,ComipemsV2,1516,30,0,60,0,-,-,-,-,-,-,0,0,0,0,0,0,-,-,-,00/01/1900 00:00,00/01/1900 00:00,N
111,344774,010331611,ComipemsV2,1516,30,0,60,0,-,-,-,-,-,-,0,0,0,0,0,0,-,-,-,00/01/1900 00:00,00/01/1900 00:00,N
112,345090,011132138,ComipemsV2,1516,30,0,60,0,-,-,-,-,-,-,0,0,0,0,0,0,-,-,-,00/01/1900 00:00,00/01/1900 00:00,N
113,345275,013832564,ComipemsV2,1516,30,0,60,0,-,-,-,-,-,-,0,0,0,0,0,0,-,-,-,00/01/1900 00:00,00/01/1900 00:00,N
114,345827,012733463,ComipemsV2,1516,30,0,60,0,-,-,-,-,-,-,0,0,0,0,0,0,-,-,-,00/01/1900 00:00,00/01/1900 00:00,N
115,345880,015333563,ComipemsV2,1516,30,0,60,0,-,-,-,-,-,-,0,0,0,0,0,0,-,-,-,00/01/1900 00:00,00/01/1900 00:00,N
116,346128,016733910,ComipemsV2,1516,30,0,60,0,-,-,-,-,-,-,0,0,0,0,0,0,-,-,-,00/01/1900 00:00,00/01/1900 00:00,N
117,346209,016334084,ComipemsV2,1516,30,0,60,0,-,-,-,-,-,-,0,0,0,0,0,0,-,-,-,00/01/1900 00:00,00/01/1900 00:00,N
118,346682,011734849,ComipemsV2,1516,30,0,60,0,-,-,-,-,-,-,0,0,0,0,0,0,-,-,-,00/01/1900 00:00,00/01/1900 00:00,N
119,346693,011634798,ComipemsV2,1516,30,0,60,0,-,-,-,-,-,-,0,0,0,0,0,0,-,-,-,00/01/1900 00:00,00/01/1900 00:00,N
120,348176,400310303,ComipemsV2,1516,30,0,60,0,-,-,-,-,-,-,0,0,0,0,0,0,-,-,-,00/01/1900 00:00,00/01/1900 00:00,N
121,348248,070305897,ComipemsV2,1516,30,0,60,0,-,-,-,-,-,-,0,0,0,0,0,0,-,-,-,00/01/1900 00:00,00/01/1900 00:00,N
122,348460,080109637,ComipemsV2,1516,30,0,60,0,-,-,-,-,-,-,0,0,0,0,0,0,-,-,-,00/01/1900 00:00,00/01/1900 00:00,N
123,348738,400210827,ComipemsV2,1516,30,0,60,0,-,-,-,-,-,-,0,0,0,0,0,0,-,-,-,00/01/1900 00:00,00/01/1900 00:00,N
124,348823,180404334,ComipemsV2,1516,30,0,60,0,-,-,-,-,-,-,0,0,0,0,0,0,-,-,-,00/01/1900 00:00,00/01/1900 00:00,N
125,348839,180104400,ComipemsV2,1516,30,0,60,0,-,-,-,-,-,-,0,0,0,0,0,0,-,-,-,00/01/1900 00:00,00/01/1900 00:00,N
126,349267,080109945,ComipemsV2,1516,30,0,60,0,-,-,-,-,-,-,0,0,0,0,0,0,-,-,-,00/01/1900 00:00,00/01/1900 00:00,N
127,349721,020507127,ComipemsV2,1516,30,0,60,0,-,-,-,-,-,-,0,0,0,0,0,0,-,-,-,00/01/1900 00:00,00/01/1900 00:00,N
128,349759,020607203,ComipemsV2,1516,30,0,60,0,-,-,-,-,-,-,0,0,0,0,0,0,-,-,-,00/01/1900 00:00,00/01/1900 00:00,N
129,349810,020507237,ComipemsV2,1516,30,0,60,0,-,-,-,-,-,-,0,0,0,0,0,0,-,-,-,00/01/1900 00:00,00/01/1900 00:00,N
130,349851,020507277,ComipemsV2,1516,30,0,60,0,-,-,-,-,-,-,0,0,0,0,0,0,-,-,-,00/01/1900 00:00,00/01/1900 00:00,N
131,350351,070305937,ComipemsV2,1516,30,0,60,0,-,-,-,-,-,-,0,0,0,0,0,0,-,-,-,00/01/1900 00:00,00/01/1900 00:00,N
132,350710,330206946,ComipemsV2,1516,30,0,60,0,-,-,-,-,-,-,0,0,0,0,0,0,-,-,-,00/01/1900 00:00,00/01/1900 00:00,N
133,351136,250606367,ComipemsV2,1516,30,0,60,0,-,-,-,-,-,-,0,0,0,0,0,0,-,-,-,00/01/1900 00:00,00/01/1900 00:00,N
134,352016,300411438,ComipemsV2,1516,30,0,60,0,-,-,-,-,-,-,0,0,0,0,0,0,-,-,-,00/01/1900 00:00,00/01/1900 00:00,N
135,352051,300111377,ComipemsV2,1516,30,0,60,0,-,-,-,-,-,-,0,0,0,0,0,0,-,-,-,00/01/1900 00:00,00/01/1900 00:00,N
136,352938,330107291,ComipemsV2,1516,30,0,60,0,-,-,-,-,-,-,0,0,0,0,0,0,-,-,-,00/01/1900 00:00,00/01/1900 00:00,N
137,353636,210302536,ComipemsV2,1516,30,0,60,0,-,-,-,-,-,-,0,0,0,0,0,0,-,-,-,00/01/1900 00:00,00/01/1900 00:00,N
138,353664,220100046,ComipemsV2,1516,30,0,60,0,-,-,-,-,-,-,0,0,0,0,0,0,-,-,-,00/01/1900 00:00,00/01/1900 00:00,N
139,353685,220400050,ComipemsV2,1516,30,0,60,0,-,-,-,-,-,-,0,0,0,0,0,0,-,-,-,00/01/1900 00:00,00/01/1900 00:00,N
140,354042,220200398,ComipemsV2,1516,30,0,60,0,-,-,-,-,-,-,0,0,0,0,0,0,-,-,-,00/01/1900 00:00,00/01/1900 00:00,N
141,354526,210102134,ComipemsV2,1516,30,0,60,0,-,-,-,-,-,-,0,0,0,0,0,0,-,-,-,00/01/1900 00:00,00/01/1900 00:00,N
142,354964,220101431,ComipemsV2,1516,30,0,60,0,-,-,-,-,-,-,0,0,0,0,0,0,-,-,-,00/01/1900 00:00,00/01/1900 00:00,N
143,354989,220501489,ComipemsV2,1516,30,0,60,0,-,-,-,-,-,-,0,0,0,0,0,0,-,-,-,00/01/1900 00:00,00/01/1900 00:00,N
144,355108,220101629,ComipemsV2,1516,30,0,60,0,-,-,-,-,-,-,0,0,0,0,0,0,-,-,-,00/01/1900 00:00,00/01/1900 00:00,N
145,355610,220502132,ComipemsV2,1516,30,0,60,0,-,-,-,-,-,-,0,0,0,0,0,0,-,-,-,00/01/1900 00:00,00/01/1900 00:00,N
146,355892,220101069,ComipemsV2,1516,30,0,60,0,-,-,-,-,-,-,0,0,0,0,0,0,-,-,-,00/01/1900 00:00,00/01/1900 00:00,N
147,356181,220501408,ComipemsV2,1516,30,0,60,0,-,-,-,-,-,-,0,0,0,0,0,0,-,-,-,00/01/1900 00:00,00/01/1900 00:00,N
148,356211,280505048,ComipemsV2,1516,30,0,60,0,-,-,-,-,-,-,0,0,0,0,0,0,-,-,-,00/01/1900 00:00,00/01/1900 00:00,N
149,356367,280206904,ComipemsV2,1516,30,0,60,0,-,-,-,-,-,-,0,0,0,0,0,0,-,-,-,00/01/1900 00:00,00/01/1900 00:00,N
150,356855,280205761,ComipemsV2,1516,30,0,60,0,-,-,-,-,-,-,0,0,0,0,0,0,-,-,-,00/01/1900 00:00,00/01/1900 00:00,N
151,357600,290101122,ComipemsV2,1516,30,0,60,0,-,-,-,-,-,-,0,0,0,0,0,0,-,-,-,00/01/1900 00:00,00/01/1900 00:00,N
152,358464,270103020,ComipemsV2,1516,30,0,60,0,-,-,-,-,-,-,0,0,0,0,0,0,-,-,-,00/01/1900 00:00,00/01/1900 00:00,N
153,358696,270703539,ComipemsV2,1516,30,0,60,0,-,-,-,-,-,-,0,0,0,0,0,0,-,-,-,00/01/1900 00:00,00/01/1900 00:00,N
154,358746,270703807,ComipemsV2,1516,30,0,60,0,-,-,-,-,-,-,0,0,0,0,0,0,-,-,-,00/01/1900 00:00,00/01/1900 00:00,N
155,359043,270600839,ComipemsV2,1516,30,0,60,0,-,-,-,-,-,-,0,0,0,0,0,0,-,-,-,00/01/1900 00:00,00/01/1900 00:00,N
156,359352,270604609,ComipemsV2,1516,30,0,60,0,-,-,-,-,-,-,0,0,0,0,0,0,-,-,-,00/01/1900 00:00,00/01/1900 00:00,N
157,359894,270207542,ComipemsV2,1516,30,0,60,0,-,-,-,-,-,-,0,0,0,0,0,0,-,-,-,00/01/1900 00:00,00/01/1900 00:00,N
158,360278,270108699,ComipemsV2,1516,30,0,60,0,-,-,-,-,-,-,0,0,0,0,0,0,-,-,-,00/01/1900 00:00,00/01/1900 00:00,N
159,360556,270105540,ComipemsV2,1516,30,0,60,0,-,-,-,-,-,-,0,0,0,0,0,0,-,-,-,00/01/1900 00:00,00/01/1900 00:00,N
160,361004,090704974,ComipemsV2,1516,30,0,60,0,-,-,-,-,-,-,0,0,0,0,0,0,-,-,-,00/01/1900 00:00,00/01/1900 00:00,N
161,361351,090405428,ComipemsV2,1516,30,0,60,0,-,-,-,-,-,-,0,0,0,0,0,0,-,-,-,00/01/1900 00:00,00/01/1900 00:00,N
162,361403,090805488,ComipemsV2,1516,30,0,60,0,-,-,-,-,-,-,0,0,0,0,0,0,-,-,-,00/01/1900 00:00,00/01/1900 00:00,N
163,361537,090705623,ComipemsV2,1516,30,0,60,0,-,-,-,-,-,-,0,0,0,0,0,0,-,-,-,00/01/1900 00:00,00/01/1900 00:00,N
164,362254,090806748,ComipemsV2,1516,30,0,60,0,-,-,-,-,-,-,0,0,0,0,0,0,-,-,-,00/01/1900 00:00,00/01/1900 00:00,N
165,362266,090406824,ComipemsV2,1516,30,0,60,0,-,-,-,-,-,-,0,0,0,0,0,0,-,-,-,00/01/1900 00:00,00/01/1900 00:00,N
166,362992,090807756,ComipemsV2,1516,30,0,60,0,-,-,-,-,-,-,0,0,0,0,0,0,-,-,-,00/01/1900 00:00,00/01/1900 00:00,N
167,363431,090506388,ComipemsV2,1516,30,0,60,0,-,-,-,-,-,-,0,0,0,0,0,0,-,-,-,00/01/1900 00:00,00/01/1900 00:00,N
168,363722,340300653,ComipemsV2,1516,30,0,60,0,-,-,-,-,-,-,0,0,0,0,0,0,-,-,-,00/01/1900 00:00,00/01/1900 00:00,N
169,364116,340201390,ComipemsV2,1516,30,0,60,0,-,-,-,-,-,-,0,0,0,0,0,0,-,-,-,00/01/1900 00:00,00/01/1900 00:00,N
170,364203,330406601,ComipemsV2,1516,30,0,60,0,-,-,-,-,-,-,0,0,0,0,0,0,-,-,-,00/01/1900 00:00,00/01/1900 00:00,N
171,364656,340402434,ComipemsV2,1516,30,0,60,0,-,-,-,-,-,-,0,0,0,0,0,0,-,-,-,00/01/1900 00:00,00/01/1900 00:00,N
172,364664,340402413,ComipemsV2,1516,30,0,60,0,-,-,-,-,-,-,0,0,0,0,0,0,-,-,-,00/01/1900 00:00,00/01/1900 00:00,N
173,364891,340402684,ComipemsV2,1516,30,0,60,0,-,-,-,-,-,-,0,0,0,0,0,0,-,-,-,00/01/1900 00:00,00/01/1900 00:00,N
174,364940,340302777,ComipemsV2,1516,30,0,60,0,-,-,-,-,-,-,0,0,0,0,0,0,-,-,-,00/01/1900 00:00,00/01/1900 00:00,N
175,365487,340404019,ComipemsV2,1516,30,0,60,0,-,-,-,-,-,-,0,0,0,0,0,0,-,-,-,00/01/1900 00:00,00/01/1900 00:00,N
176,365673,340504361,ComipemsV2,1516,30,0,60,0,-,-,-,-,-,-,0,0,0,0,0,0,-,-,-,00/01/1900 00:00,00/01/1900 00:00,N
177,366169,340605276,ComipemsV2,1516,30,0,60,0,-,-,-,-,-,-,0,0,0,0,0,0,-,-,-,00/01/1900 00:00,00/01/1900 00:00,N
178,366298,340205526,ComipemsV2,1516,30,0,60,0,-,-,-,-,-,-,0,0,0,0,0,0,-,-,-,00/01/1900 00:00,00/01/1900 00:00,N
179,369525,200301226,ComipemsV2,1516,30,0,60,0,-,-,-,-,-,-,0,0,0,0,0,0,-,-,-,00/01/1900 00:00,00/01/1900 00:00,N
180,371158,200103831,ComipemsV2,1516,30,0,60,0,-,-,-,-,-,-,0,0,0,0,0,0,-,-,-,00/01/1900 00:00,00/01/1900 00:00,N
181,371817,330201877,ComipemsV2,1516,30,0,60,0,-,-,-,-,-,-,0,0,0,0,0,0,-,-,-,00/01/1900 00:00,00/01/1900 00:00,N
182,372072,330400985,ComipemsV2,1516,30,0,60,0,-,-,-,-,-,-,0,0,0,0,0,0,-,-,-,00/01/1900 00:00,00/01/1900 00:00,N
183,372228,330201271,ComipemsV2,1516,30,0,60,0,-,-,-,-,-,-,0,0,0,0,0,0,-,-,-,00/01/1900 00:00,00/01/1900 00:00,N
184,372434,330201637,ComipemsV2,1516,30,0,60,0,-,-,-,-,-,-,0,0,0,0,0,0,-,-,-,00/01/1900 00:00,00/01/1900 00:00,N
185,372774,330503514,ComipemsV2,1516,30,0,60,0,-,-,-,-,-,-,0,0,0,0,0,0,-,-,-,00/01/1900 00:00,00/01/1900 00:00,N
186,372797,330403535,ComipemsV2,1516,30,0,60,0,-,-,-,-,-,-,0,0,0,0,0,0,-,-,-,00/01/1900 00:00,00/01/1900 00:00,N
187,372855,330503616,ComipemsV2,1516,30,0,60,0,-,-,-,-,-,-,0,0,0,0,0,0,-,-,-,00/01/1900 00:00,00/01/1900 00:00,N
188,373017,330202585,ComipemsV2,1516,30,0,60,0,-,-,-,-,-,-,0,0,0,0,0,0,-,-,-,00/01/1900 00:00,00/01/1900 00:00,N
189,373079,330302710,ComipemsV2,1516,30,0,60,0,-,-,-,-,-,-,0,0,0,0,0,0,-,-,-,00/01/1900 00:00,00/01/1900 00:00,N
190,373820,240500114,ComipemsV2,1516,30,0,60,0,-,-,-,-,-,-,0,0,0,0,0,0,-,-,-,00/01/1900 00:00,00/01/1900 00:00,N
191,374498,240200910,ComipemsV2,1516,30,0,60,0,-,-,-,-,-,-,0,0,0,0,0,0,-,-,-,00/01/1900 00:00,00/01/1900 00:00,N
192,374560,240301102,ComipemsV2,1516,30,0,60,0,-,-,-,-,-,-,0,0,0,0,0,0,-,-,-,00/01/1900 00:00,00/01/1900 00:00,N
193,375687,240302819,ComipemsV2,1516,30,0,60,0,-,-,-,-,-,-,0,0,0,0,0,0,-,-,-,00/01/1900 00:00,00/01/1900 00:00,N
194,375747,240202853,ComipemsV2,1516,30,0,60,0,-,-,-,-,-,-,0,0,0,0,0,0,-,-,-,00/01/1900 00:00,00/01/1900 00:00,N
195,376135,240503397,ComipemsV2,1516,30,0,60,0,-,-,-,-,-,-,0,0,0,0,0,0,-,-,-,00/01/1900 00:00,00/01/1900 00:00,N
196,376646,080103768,ComipemsV2,1516,30,0,60,0,-,-,-,-,-,-,0,0,0,0,0,0,-,-,-,00/01/1900 00:00,00/01/1900 00:00,N
197,377023,080504932,ComipemsV2,1516,30,0,60,0,-,-,-,-,-,-,0,0,0,0,0,0,-,-,-,00/01/1900 00:00,00/01/1900 00:00,N
198,377055,080105039,ComipemsV2,1516,30,0,60,0,-,-,-,-,-,-,0,0,0,0,0,0,-,-,-,00/01/1900 00:00,00/01/1900 00:00,N
199,377202,080203870,ComipemsV2,1516,30,0,60,0,-,-,-,-,-,-,0,0,0,0,0,0,-,-,-,00/01/1900 00:00,00/01/1900 00:00,N
200,377447,080405426,ComipemsV2,1516,30,0,60,0,-,-,-,-,-,-,0,0,0,0,0,0,-,-,-,00/01/1900 00:00,00/01/1900 00:00,N
201,377486,080905546,ComipemsV2,1516,30,0,60,0,-,-,-,-,-,-,0,0,0,0,0,0,-,-,-,00/01/1900 00:00,00/01/1900 00:00,N
202,377695,080105876,ComipemsV2,1516,30,0,60,0,-,-,-,-,-,-,0,0,0,0,0,0,-,-,-,00/01/1900 00:00,00/01/1900 00:00,N
203,377886,080806061,ComipemsV2,1516,30,0,60,0,-,-,-,-,-,-,0,0,0,0,0,0,-,-,-,00/01/1900 00:00,00/01/1900 00:00,N
204,377992,080206265,ComipemsV2,1516,30,0,60,0,-,-,-,-,-,-,0,0,0,0,0,0,-,-,-,00/01/1900 00:00,00/01/1900 00:00,N
205,378046,080504012,ComipemsV2,1516,30,0,60,0,-,-,-,-,-,-,0,0,0,0,0,0,-,-,-,00/01/1900 00:00,00/01/1900 00:00,N
206,378154,080304191,ComipemsV2,1516,30,0,60,0,-,-,-,-,-,-,0,0,0,0,0,0,-,-,-,00/01/1900 00:00,00/01/1900 00:00,N
207,378194,080904202,ComipemsV2,1516,30,0,60,0,-,-,-,-,-,-,0,0,0,0,0,0,-,-,-,00/01/1900 00:00,00/01/1900 00:00,N
208,378283,080804422,ComipemsV2,1516,30,0,60,0,-,-,-,-,-,-,0,0,0,0,0,0,-,-,-,00/01/1900 00:00,00/01/1900 00:00,N
209,378361,080806352,ComipemsV2,1516,30,0,60,0,-,-,-,-,-,-,0,0,0,0,0,0,-,-,-,00/01/1900 00:00,00/01/1900 00:00,N
210,378492,080707152,ComipemsV2,1516,30,0,60,0,-,-,-,-,-,-,0,0,0,0,0,0,-,-,-,00/01/1900 00:00,00/01/1900 00:00,N
211,378633,080207379,ComipemsV2,1516,30,0,60,0,-,-,-,-,-,-,0,0,0,0,0,0,-,-,-,00/01/1900 00:00,00/01/1900 00:00,N
212,378805,080707625,ComipemsV2,1516,30,0,60,0,-,-,-,-,-,-,0,0,0,0,0,0,-,-,-,00/01/1900 00:00,00/01/1900 00:00,N
213,378861,080407653,ComipemsV2,1516,30,0,60,0,-,-,-,-,-,-,0,0,0,0,0,0,-,-,-,00/01/1900 00:00,00/01/1900 00:00,N
214,378974,080907716,ComipemsV2,1516,30,0,60,0,-,-,-,-,-,-,0,0,0,0,0,0,-,-,-,00/01/1900 00:00,00/01/1900 00:00,N
215,379022,080507807,ComipemsV2,1516,30,0,60,0,-,-,-,-,-,-,0,0,0,0,0,0,-,-,-,00/01/1900 00:00,00/01/1900 00:00,N
216,379267,080808189,ComipemsV2,1516,30,0,60,0,-,-,-,-,-,-,0,0,0,0,0,0,-,-,-,00/01/1900 00:00,00/01/1900 00:00,N
217,379789,080206615,ComipemsV2,1516,30,0,60,0,-,-,-,-,-,-,0,0,0,0,0,0,-,-,-,00/01/1900 00:00,00/01/1900 00:00,N
218,379853,080806701,ComipemsV2,1516,30,0,60,0,-,-,-,-,-,-,0,0,0,0,0,0,-,-,-,00/01/1900 00:00,00/01/1900 00:00,N
219,379959,080906895,ComipemsV2,1516,30,0,60,0,-,-,-,-,-,-,0,0,0,0,0,0,-,-,-,00/01/1900 00:00,00/01/1900 00:00,N
220,380005,080506953,ComipemsV2,1516,30,0,60,0,-,-,-,-,-,-,0,0,0,0,0,0,-,-,-,00/01/1900 00:00,00/01/1900 00:00,N
221,380054,400701793,ComipemsV2,1516,30,0,60,0,-,-,-,-,-,-,0,0,0,0,0,0,-,-,-,00/01/1900 00:00,00/01/1900 00:00,N
222,381030,400302225,ComipemsV2,1516,30,0,60,0,-,-,-,-,-,-,0,0,0,0,0,0,-,-,-,00/01/1900 00:00,00/01/1900 00:00,N
223,381482,400504927,ComipemsV2,1516,30,0,60,0,-,-,-,-,-,-,0,0,0,0,0,0,-,-,-,00/01/1900 00:00,00/01/1900 00:00,N
224,381983,400805725,ComipemsV2,1516,30,0,60,0,-,-,-,-,-,-,0,0,0,0,0,0,-,-,-,00/01/1900 00:00,00/01/1900 00:00,N
225,383395,020604610,ComipemsV2,1516,30,0,60,0,-,-,-,-,-,-,0,0,0,0,0,0,-,-,-,00/01/1900 00:00,00/01/1900 00:00,N
226,383426,020504685,ComipemsV2,1516,30,0,60,0,-,-,-,-,-,-,0,0,0,0,0,0,-,-,-,00/01/1900 00:00,00/01/1900 00:00,N
227,383478,020404709,ComipemsV2,1516,30,0,60,0,-,-,-,-,-,-,0,0,0,0,0,0,-,-,-,00/01/1900 00:00,00/01/1900 00:00,N
228,383481,020504716,ComipemsV2,1516,30,0,60,0,-,-,-,-,-,-,0,0,0,0,0,0,-,-,-,00/01/1900 00:00,00/01/1900 00:00,N
229,383853,020605166,ComipemsV2,1516,30,0,60,0,-,-,-,-,-,-,0,0,0,0,0,0,-,-,-,00/01/1900 00:00,00/01/1900 00:00,N
230,384179,020203049,ComipemsV2,1516,30,0,60,0,-,-,-,-,-,-,0,0,0,0,0,0,-,-,-,00/01/1900 00:00,00/01/1900 00:00,N
231,384198,020505549,ComipemsV2,1516,30,0,60,0,-,-,-,-,-,-,0,0,0,0,0,0,-,-,-,00/01/1900 00:00,00/01/1900 00:00,N
232,384723,020403148,ComipemsV2,1516,30,0,60,0,-,-,-,-,-,-,0,0,0,0,0,0,-,-,-,00/01/1900 00:00,00/01/1900 00:00,N
233,385055,020203273,ComipemsV2,1516,30,0,60,0,-,-,-,-,-,-,0,0,0,0,0,0,-,-,-,00/01/1900 00:00,00/01/1900 00:00,N
234,385790,030200692,ComipemsV2,1516,30,0,60,0,-,-,-,-,-,-,0,0,0,0,0,0,-,-,-,00/01/1900 00:00,00/01/1900 00:00,N
235,385903,030500850,ComipemsV2,1516,30,0,60,0,-,-,-,-,-,-,0,0,0,0,0,0,-,-,-,00/01/1900 00:00,00/01/1900 00:00,N
236,386108,030301202,ComipemsV2,1516,30,0,60,0,-,-,-,-,-,-,0,0,0,0,0,0,-,-,-,00/01/1900 00:00,00/01/1900 00:00,N
237,387122,030502658,ComipemsV2,1516,30,0,60,0,-,-,-,-,-,-,0,0,0,0,0,0,-,-,-,00/01/1900 00:00,00/01/1900 00:00,N
238,387622,010455852,ComipemsV2,1516,30,0,60,0,-,-,-,-,-,-,0,0,0,0,0,0,-,-,-,00/01/1900 00:00,00/01/1900 00:00,N
239,387696,020606352,ComipemsV2,1516,30,0,60,0,-,-,-,-,-,-,0,0,0,0,0,0,-,-,-,00/01/1900 00:00,00/01/1900 00:00,N
240,387799,020506497,ComipemsV2,1516,30,0,60,0,-,-,-,-,-,-,0,0,0,0,0,0,-,-,-,00/01/1900 00:00,00/01/1900 00:00,N
241,387972,060301978,ComipemsV2,1516,30,0,60,0,-,-,-,-,-,-,0,0,0,0,0,0,-,-,-,00/01/1900 00:00,00/01/1900 00:00,N
242,388533,070200383,ComipemsV2,1516,30,0,60,0,-,-,-,-,-,-,0,0,0,0,0,0,-,-,-,00/01/1900 00:00,00/01/1900 00:00,N
243,388746,070700684,ComipemsV2,1516,30,0,60,0,-,-,-,-,-,-,0,0,0,0,0,0,-,-,-,00/01/1900 00:00,00/01/1900 00:00,N
244,389199,070401231,ComipemsV2,1516,30,0,60,0,-,-,-,-,-,-,0,0,0,0,0,0,-,-,-,00/01/1900 00:00,00/01/1900 00:00,N
245,389389,070701464,ComipemsV2,1516,30,0,60,0,-,-,-,-,-,-,0,0,0,0,0,0,-,-,-,00/01/1900 00:00,00/01/1900 00:00,N
246,389726,070501534,ComipemsV2,1516,30,0,60,0,-,-,-,-,-,-,0,0,0,0,0,0,-,-,-,00/01/1900 00:00,00/01/1900 00:00,N
247,389729,070101581,ComipemsV2,1516,30,0,60,0,-,-,-,-,-,-,0,0,0,0,0,0,-,-,-,00/01/1900 00:00,00/01/1900 00:00,N
248,389740,070701517,ComipemsV2,1516,30,0,60,0,-,-,-,-,-,-,0,0,0,0,0,0,-,-,-,00/01/1900 00:00,00/01/1900 00:00,N
249,389779,070502204,ComipemsV2,1516,30,0,60,0,-,-,-,-,-,-,0,0,0,0,0,0,-,-,-,00/01/1900 00:00,00/01/1900 00:00,N
250,390059,070502646,ComipemsV2,1516,30,0,60,0,-,-,-,-,-,-,0,0,0,0,0,0,-,-,-,00/01/1900 00:00,00/01/1900 00:00,N
251,390867,070501744,ComipemsV2,1516,30,0,60,0,-,-,-,-,-,-,0,0,0,0,0,0,-,-,-,00/01/1900 00:00,00/01/1900 00:00,N
252,391386,070501988,ComipemsV2,1516,30,0,60,0,-,-,-,-,-,-,0,0,0,0,0,0,-,-,-,00/01/1900 00:00,00/01/1900 00:00,N
253,392610,160401370,ComipemsV2,1516,30,0,60,0,-,-,-,-,-,-,0,0,0,0,0,0,-,-,-,00/01/1900 00:00,00/01/1900 00:00,N
254,393266,150203134,ComipemsV2,1516,30,0,60,0,-,-,-,-,-,-,0,0,0,0,0,0,-,-,-,00/01/1900 00:00,00/01/1900 00:00,N
255,393622,160103007,ComipemsV2,1516,30,0,60,0,-,-,-,-,-,-,0,0,0,0,0,0,-,-,-,00/01/1900 00:00,00/01/1900 00:00,N
256,393660,160803097,ComipemsV2,1516,30,0,60,0,-,-,-,-,-,-,0,0,0,0,0,0,-,-,-,00/01/1900 00:00,00/01/1900 00:00,N
257,393773,160303222,ComipemsV2,1516,30,0,60,0,-,-,-,-,-,-,0,0,0,0,0,0,-,-,-,00/01/1900 00:00,00/01/1900 00:00,N
258,393796,160203294,ComipemsV2,1516,30,0,60,0,-,-,-,-,-,-,0,0,0,0,0,0,-,-,-,00/01/1900 00:00,00/01/1900 00:00,N
259,393823,160103371,ComipemsV2,1516,30,0,60,0,-,-,-,-,-,-,0,0,0,0,0,0,-,-,-,00/01/1900 00:00,00/01/1900 00:00,N
260,395521,250505433,ComipemsV2,1516,30,0,60,0,-,-,-,-,-,-,0,0,0,0,0,0,-,-,-,00/01/1900 00:00,00/01/1900 00:00,N
261,396280,250304700,ComipemsV2,1516,30,0,60,0,-,-,-,-,-,-,0,0,0,0,0,0,-,-,-,00/01/1900 00:00,00/01/1900 00:00,N
262,396338,250304735,ComipemsV2,1516,30,0,60,0,-,-,-,-,-,-,0,0,0,0,0,0,-,-,-,00/01/1900 00:00,00/01/1900 00:00,N
263,397587,260101029,ComipemsV2,1516,30,0,60,0,-,-,-,-,-,-,0,0,0,0,0,0,-,-,-,00/01/1900 00:00,00/01/1900 00:00,N
264,398053,320402877,ComipemsV2,1516,30,0,60,0,-,-,-,-,-,-,0,0,0,0,0,0,-,-,-,00/01/1900 00:00,00/01/1900 00:00,N
265,398100,320202999,ComipemsV2,1516,30,0,60,0,-,-,-,-,-,-,0,0,0,0,0,0,-,-,-,00/01/1900 00:00,00/01/1900 00:00,N
266,399368,013913276,ComipemsV2,1516,30,0,60,0,-,-,-,-,-,-,0,0,0,0,0,0,-,-,-,00/01/1900 00:00,00/01/1900 00:00,N
267,399885,010812493,ComipemsV2,1516,30,0,60,0,-,-,-,-,-,-,0,0,0,0,0,0,-,-,-,00/01/1900 00:00,00/01/1900 00:00,N
268,400096,013414589,ComipemsV2,1516,30,0,60,0,-,-,-,-,-,-,0,0,0,0,0,0,-,-,-,00/01/1900 00:00,00/01/1900 00:00,N
269,400111,015214656,ComipemsV2,1516,30,0,60,0,-,-,-,-,-,-,0,0,0,0,0,0,-,-,-,00/01/1900 00:00,00/01/1900 00:00,N
270,400278,010214947,ComipemsV2,1516,30,0,60,0,-,-,-,-,-,-,0,0,0,0,0,0,-,-,-,00/01/1900 00:00,00/01/1900 00:00,N
271,400533,011815356,ComipemsV2,1516,30,0,60,0,-,-,-,-,-,-,0,0,0,0,0,0,-,-,-,00/01/1900 00:00,00/01/1900 00:00,N
272,401159,016416414,ComipemsV2,1516,30,0,60,0,-,-,-,-,-,-,0,0,0,0,0,0,-,-,-,00/01/1900 00:00,00/01/1900 00:00,N
273,402134,014812865,ComipemsV2,1516,30,0,60,0,-,-,-,-,-,-,0,0,0,0,0,0,-,-,-,00/01/1900 00:00,00/01/1900 00:00,N
274,402541,011418758,ComipemsV2,1516,30,0,60,0,-,-,-,-,-,-,0,0,0,0,0,0,-,-,-,00/01/1900 00:00,00/01/1900 00:00,N
275,402764,012619954,ComipemsV2,1516,30,0,60,0,-,-,-,-,-,-,0,0,0,0,0,0,-,-,-,00/01/1900 00:00,00/01/1900 00:00,N
276,402794,015919919,ComipemsV2,1516,30,0,60,0,-,-,-,-,-,-,0,0,0,0,0,0,-,-,-,00/01/1900 00:00,00/01/1900 00:00,N
277,403035,015920446,ComipemsV2,1516,30,0,60,0,-,-,-,-,-,-,0,0,0,0,0,0,-,-,-,00/01/1900 00:00,00/01/1900 00:00,N
278,403342,010120888,ComipemsV2,1516,30,0,60,0,-,-,-,-,-,-,0,0,0,0,0,0,-,-,-,00/01/1900 00:00,00/01/1900 00:00,N
279,403553,010621250,ComipemsV2,1516,30,0,60,0,-,-,-,-,-,-,0,0,0,0,0,0,-,-,-,00/01/1900 00:00,00/01/1900 00:00,N
280,403646,016918884,ComipemsV2,1516,30,0,60,0,-,-,-,-,-,-,0,0,0,0,0,0,-,-,-,00/01/1900 00:00,00/01/1900 00:00,N
281,403886,011221854,ComipemsV2,1516,30,0,60,0,-,-,-,-,-,-,0,0,0,0,0,0,-,-,-,00/01/1900 00:00,00/01/1900 00:00,N
282,404309,010322547,ComipemsV2,1516,30,0,60,0,-,-,-,-,-,-,0,0,0,0,0,0,-,-,-,00/01/1900 00:00,00/01/1900 00:00,N
283,404689,010423279,ComipemsV2,1516,30,0,60,0,-,-,-,-,-,-,0,0,0,0,0,0,-,-,-,00/01/1900 00:00,00/01/1900 00:00,N
284,404783,014219105,ComipemsV2,1516,30,0,60,0,-,-,-,-,-,-,0,0,0,0,0,0,-,-,-,00/01/1900 00:00,00/01/1900 00:00,N
285,404843,010923527,ComipemsV2,1516,30,0,60,0,-,-,-,-,-,-,0,0,0,0,0,0,-,-,-,00/01/1900 00:00,00/01/1900 00:00,N
286,405785,180502604,ComipemsV2,1516,30,0,60,0,-,-,-,-,-,-,0,0,0,0,0,0,-,-,-,00/01/1900 00:00,00/01/1900 00:00,N
287,406001,180302969,ComipemsV2,1516,30,0,60,0,-,-,-,-,-,-,0,0,0,0,0,0,-,-,-,00/01/1900 00:00,00/01/1900 00:00,N
288,406323,180103437,ComipemsV2,1516,30,0,60,0,-,-,-,-,-,-,0,0,0,0,0,0,-,-,-,00/01/1900 00:00,00/01/1900 00:00,N
289,406619,180103865,ComipemsV2,1516,30,0,60,0,-,-,-,-,-,-,0,0,0,0,0,0,-,-,-,00/01/1900 00:00,00/01/1900 00:00,N
290,406842,180602278,ComipemsV2,1516,30,0,60,0,-,-,-,-,-,-,0,0,0,0,0,0,-,-,-,00/01/1900 00:00,00/01/1900 00:00,N
291,406876,180302247,ComipemsV2,1516,30,0,60,0,-,-,-,-,-,-,0,0,0,0,0,0,-,-,-,00/01/1900 00:00,00/01/1900 00:00,N
292,406919,180202379,ComipemsV2,1516,30,0,60,0,-,-,-,-,-,-,0,0,0,0,0,0,-,-,-,00/01/1900 00:00,00/01/1900 00:00,N
293,406964,180502454,ComipemsV2,1516,30,0,60,0,-,-,-,-,-,-,0,0,0,0,0,0,-,-,-,00/01/1900 00:00,00/01/1900 00:00,N
294,407226,190300654,ComipemsV2,1516,30,0,60,0,-,-,-,-,-,-,0,0,0,0,0,0,-,-,-,00/01/1900 00:00,00/01/1900 00:00,N
295,407665,190301325,ComipemsV2,1516,30,0,60,0,-,-,-,-,-,-,0,0,0,0,0,0,-,-,-,00/01/1900 00:00,00/01/1900 00:00,N
296,408140,190300074,ComipemsV2,1516,30,0,60,0,-,-,-,-,-,-,0,0,0,0,0,0,-,-,-,00/01/1900 00:00,00/01/1900 00:00,N
297,408320,190300365,ComipemsV2,1516,30,0,60,0,-,-,-,-,-,-,0,0,0,0,0,0,-,-,-,00/01/1900 00:00,00/01/1900 00:00,N
298,408938,070106086,ComipemsV2,1516,30,0,60,0,-,-,-,-,-,-,0,0,0,0,0,0,-,-,-,00/01/1900 00:00,00/01/1900 00:00,N
299,409405,080710611,ComipemsV2,1516,30,0,60,0,-,-,-,-,-,-,0,0,0,0,0,0,-,-,-,00/01/1900 00:00,00/01/1900 00:00,N
300,409529,070706168,ComipemsV2,1516,30,0,60,0,-,-,-,-,-,-,0,0,0,0,0,0,-,-,-,00/01/1900 00:00,00/01/1900 00:00,N
301,409824,170302723,ComipemsV2,1516,30,0,60,0,-,-,-,-,-,-,0,0,0,0,0,0,-,-,-,00/01/1900 00:00,00/01/1900 00:00,N
302,410258,180604752,ComipemsV2,1516,30,0,60,0,-,-,-,-,-,-,0,0,0,0,0,0,-,-,-,00/01/1900 00:00,00/01/1900 00:00,N
303,410746,020500686,ComipemsV2,1516,30,0,60,0,-,-,-,-,-,-,0,0,0,0,0,0,-,-,-,00/01/1900 00:00,00/01/1900 00:00,N
304,410952,020100949,ComipemsV2,1516,30,0,60,0,-,-,-,-,-,-,0,0,0,0,0,0,-,-,-,00/01/1900 00:00,00/01/1900 00:00,N
305,411293,020401377,ComipemsV2,1516,30,0,60,0,-,-,-,-,-,-,0,0,0,0,0,0,-,-,-,00/01/1900 00:00,00/01/1900 00:00,N
306,411302,020401382,ComipemsV2,1516,30,0,60,0,-,-,-,-,-,-,0,0,0,0,0,0,-,-,-,00/01/1900 00:00,00/01/1900 00:00,N
307,411707,020200075,ComipemsV2,1516,30,0,60,0,-,-,-,-,-,-,0,0,0,0,0,0,-,-,-,00/01/1900 00:00,00/01/1900 00:00,N
308,411998,020302253,ComipemsV2,1516,30,0,60,0,-,-,-,-,-,-,0,0,0,0,0,0,-,-,-,00/01/1900 00:00,00/01/1900 00:00,N
309,412086,020302393,ComipemsV2,1516,30,0,60,0,-,-,-,-,-,-,0,0,0,0,0,0,-,-,-,00/01/1900 00:00,00/01/1900 00:00,N
310,412117,020302402,ComipemsV2,1516,30,0,60,0,-,-,-,-,-,-,0,0,0,0,0,0,-,-,-,00/01/1900 00:00,00/01/1900 00:00,N
311,412724,020600522,ComipemsV2,1516,30,0,60,0,-,-,-,-,-,-,0,0,0,0,0,0,-,-,-,00/01/1900 00:00,00/01/1900 00:00,N
312,412761,300104924,ComipemsV2,1516,30,0,60,0,-,-,-,-,-,-,0,0,0,0,0,0,-,-,-,00/01/1900 00:00,00/01/1900 00:00,N
313,412816,300406444,ComipemsV2,1516,30,0,60,0,-,-,-,-,-,-,0,0,0,0,0,0,-,-,-,00/01/1900 00:00,00/01/1900 00:00,N
314,412917,300506717,ComipemsV2,1516,30,0,60,0,-,-,-,-,-,-,0,0,0,0,0,0,-,-,-,00/01/1900 00:00,00/01/1900 00:00,N
315,413202,300307477,ComipemsV2,1516,30,0,60,0,-,-,-,-,-,-,0,0,0,0,0,0,-,-,-,00/01/1900 00:00,00/01/1900 00:00,N
316,413203,300507577,ComipemsV2,1516,30,0,60,0,-,-,-,-,-,-,0,0,0,0,0,0,-,-,-,00/01/1900 00:00,00/01/1900 00:00,N
317,413273,300105187,ComipemsV2,1516,30,0,60,0,-,-,-,-,-,-,0,0,0,0,0,0,-,-,-,00/01/1900 00:00,00/01/1900 00:00,N
318,413281,300505029,ComipemsV2,1516,30,0,60,0,-,-,-,-,-,-,0,0,0,0,0,0,-,-,-,00/01/1900 00:00,00/01/1900 00:00,N
319,413342,300405197,ComipemsV2,1516,30,0,60,0,-,-,-,-,-,-,0,0,0,0,0,0,-,-,-,00/01/1900 00:00,00/01/1900 00:00,N
320,413416,300505630,ComipemsV2,1516,30,0,60,0,-,-,-,-,-,-,0,0,0,0,0,0,-,-,-,00/01/1900 00:00,00/01/1900 00:00,N
321,413480,300405758,ComipemsV2,1516,30,0,60,0,-,-,-,-,-,-,0,0,0,0,0,0,-,-,-,00/01/1900 00:00,00/01/1900 00:00,N
322,413544,300205847,ComipemsV2,1516,30,0,60,0,-,-,-,-,-,-,0,0,0,0,0,0,-,-,-,00/01/1900 00:00,00/01/1900 00:00,N
323,413570,300306026,ComipemsV2,1516,30,0,60,0,-,-,-,-,-,-,0,0,0,0,0,0,-,-,-,00/01/1900 00:00,00/01/1900 00:00,N
324,413821,300209546,ComipemsV2,1516,30,0,60,0,-,-,-,-,-,-,0,0,0,0,0,0,-,-,-,00/01/1900 00:00,00/01/1900 00:00,N
325,413929,300410020,ComipemsV2,1516,30,0,60,0,-,-,-,-,-,-,0,0,0,0,0,0,-,-,-,00/01/1900 00:00,00/01/1900 00:00,N
326,413960,300109917,ComipemsV2,1516,30,0,60,0,-,-,-,-,-,-,0,0,0,0,0,0,-,-,-,00/01/1900 00:00,00/01/1900 00:00,N
327,413974,300210078,ComipemsV2,1516,30,0,60,0,-,-,-,-,-,-,0,0,0,0,0,0,-,-,-,00/01/1900 00:00,00/01/1900 00:00,N
328,414140,300310672,ComipemsV2,1516,30,0,60,0,-,-,-,-,-,-,0,0,0,0,0,0,-,-,-,00/01/1900 00:00,00/01/1900 00:00,N
329,414170,300310661,ComipemsV2,1516,30,0,60,0,-,-,-,-,-,-,0,0,0,0,0,0,-,-,-,00/01/1900 00:00,00/01/1900 00:00,N
330,414215,300407890,ComipemsV2,1516,30,0,60,0,-,-,-,-,-,-,0,0,0,0,0,0,-,-,-,00/01/1900 00:00,00/01/1900 00:00,N
331,414244,300308109,ComipemsV2,1516,30,0,60,0,-,-,-,-,-,-,0,0,0,0,0,0,-,-,-,00/01/1900 00:00,00/01/1900 00:00,N
332,414380,300408477,ComipemsV2,1516,30,0,60,0,-,-,-,-,-,-,0,0,0,0,0,0,-,-,-,00/01/1900 00:00,00/01/1900 00:00,N
333,414398,300308538,ComipemsV2,1516,30,0,60,0,-,-,-,-,-,-,0,0,0,0,0,0,-,-,-,00/01/1900 00:00,00/01/1900 00:00,N
334,414490,300508853,ComipemsV2,1516,30,0,60,0,-,-,-,-,-,-,0,0,0,0,0,0,-,-,-,00/01/1900 00:00,00/01/1900 00:00,N
335,414573,300509055,ComipemsV2,1516,30,0,60,0,-,-,-,-,-,-,0,0,0,0,0,0,-,-,-,00/01/1900 00:00,00/01/1900 00:00,N
336,414644,050104716,ComipemsV2,1516,30,0,60,0,-,-,-,-,-,-,0,0,0,0,0,0,-,-,-,00/01/1900 00:00,00/01/1900 00:00,N
337,414799,050404945,ComipemsV2,1516,30,0,60,0,-,-,-,-,-,-,0,0,0,0,0,0,-,-,-,00/01/1900 00:00,00/01/1900 00:00,N
338,415002,050805175,ComipemsV2,1516,30,0,60,0,-,-,-,-,-,-,0,0,0,0,0,0,-,-,-,00/01/1900 00:00,00/01/1900 00:00,N
339,415476,050105630,ComipemsV2,1516,30,0,60,0,-,-,-,-,-,-,0,0,0,0,0,0,-,-,-,00/01/1900 00:00,00/01/1900 00:00,N
340,415579,050805751,ComipemsV2,1516,30,0,60,0,-,-,-,-,-,-,0,0,0,0,0,0,-,-,-,00/01/1900 00:00,00/01/1900 00:00,N
341,415773,050805908,ComipemsV2,1516,30,0,60,0,-,-,-,-,-,-,0,0,0,0,0,0,-,-,-,00/01/1900 00:00,00/01/1900 00:00,N
342,415819,050505961,ComipemsV2,1516,30,0,60,0,-,-,-,-,-,-,0,0,0,0,0,0,-,-,-,00/01/1900 00:00,00/01/1900 00:00,N
343,415872,050106027,ComipemsV2,1516,30,0,60,0,-,-,-,-,-,-,0,0,0,0,0,0,-,-,-,00/01/1900 00:00,00/01/1900 00:00,N
344,415873,050706057,ComipemsV2,1516,30,0,60,0,-,-,-,-,-,-,0,0,0,0,0,0,-,-,-,00/01/1900 00:00,00/01/1900 00:00,N
345,416104,050806266,ComipemsV2,1516,30,0,60,0,-,-,-,-,-,-,0,0,0,0,0,0,-,-,-,00/01/1900 00:00,00/01/1900 00:00,N
346,416460,050204599,ComipemsV2,1516,30,0,60,0,-,-,-,-,-,-,0,0,0,0,0,0,-,-,-,00/01/1900 00:00,00/01/1900 00:00,N
347,416631,050306924,ComipemsV2,1516,30,0,60,0,-,-,-,-,-,-,0,0,0,0,0,0,-,-,-,00/01/1900 00:00,00/01/1900 00:00,N
348,416862,050407165,ComipemsV2,1516,30,0,60,0,-,-,-,-,-,-,0,0,0,0,0,0,-,-,-,00/01/1900 00:00,00/01/1900 00:00,N
349,418190,050606640,ComipemsV2,1516,30,0,60,0,-,-,-,-,-,-,0,0,0,0,0,0,-,-,-,00/01/1900 00:00,00/01/1900 00:00,N
350,418308,050506812,ComipemsV2,1516,30,0,60,0,-,-,-,-,-,-,0,0,0,0,0,0,-,-,-,00/01/1900 00:00,00/01/1900 00:00,N
351,418560,390504155,ComipemsV2,1516,30,0,60,0,-,-,-,-,-,-,0,0,0,0,0,0,-,-,-,00/01/1900 00:00,00/01/1900 00:00,N
352,418692,390104396,ComipemsV2,1516,30,0,60,0,-,-,-,-,-,-,0,0,0,0,0,0,-,-,-,00/01/1900 00:00,00/01/1900 00:00,N
353,419010,390604784,ComipemsV2,1516,30,0,60,0,-,-,-,-,-,-,0,0,0,0,0,0,-,-,-,00/01/1900 00:00,00/01/1900 00:00,N
354,419531,399903427,ComipemsV2,1516,30,0,60,0,-,-,-,-,-,-,0,0,0,0,0,0,-,-,-,00/01/1900 00:00,00/01/1900 00:00,N
355,419811,390405996,ComipemsV2,1516,30,0,60,0,-,-,-,-,-,-,0,0,0,0,0,0,-,-,-,00/01/1900 00:00,00/01/1900 00:00,N
356,420712,399907407,ComipemsV2,1516,30,0,60,0,-,-,-,-,-,-,0,0,0,0,0,0,-,-,-,00/01/1900 00:00,00/01/1900 00:00,N
357,420858,399907639,ComipemsV2,1516,30,0,60,0,-,-,-,-,-,-,0,0,0,0,0,0,-,-,-,00/01/1900 00:00,00/01/1900 00:00,N
358,421040,390607868,ComipemsV2,1516,30,0,60,0,-,-,-,-,-,-,0,0,0,0,0,0,-,-,-,00/01/1900 00:00,00/01/1900 00:00,N
359,421244,390403873,ComipemsV2,1516,30,0,60,0,-,-,-,-,-,-,0,0,0,0,0,0,-,-,-,00/01/1900 00:00,00/01/1900 00:00,N
360,421413,390608799,ComipemsV2,1516,30,0,60,0,-,-,-,-,-,-,0,0,0,0,0,0,-,-,-,00/01/1900 00:00,00/01/1900 00:00,N
361,421581,399909129,ComipemsV2,1516,30,0,60,0,-,-,-,-,-,-,0,0,0,0,0,0,-,-,-,00/01/1900 00:00,00/01/1900 00:00,N
362,422076,390309801,ComipemsV2,1516,30,0,60,0,-,-,-,-,-,-,0,0,0,0,0,0,-,-,-,00/01/1900 00:00,00/01/1900 00:00,N
363,422681,399910743,ComipemsV2,1516,30,0,60,0,-,-,-,-,-,-,0,0,0,0,0,0,-,-,-,00/01/1900 00:00,00/01/1900 00:00,N
364,423045,400800178,ComipemsV2,1516,30,0,60,0,-,-,-,-,-,-,0,0,0,0,0,0,-,-,-,00/01/1900 00:00,00/01/1900 00:00,N
365,424166,390108651,ComipemsV2,1516,30,0,60,0,-,-,-,-,-,-,0,0,0,0,0,0,-,-,-,00/01/1900 00:00,00/01/1900 00:00,N
366,424185,130401351,ComipemsV2,1516,30,0,60,0,-,-,-,-,-,-,0,0,0,0,0,0,-,-,-,00/01/1900 00:00,00/01/1900 00:00,N
367,424355,140600053,ComipemsV2,1516,30,0,60,0,-,-,-,-,-,-,0,0,0,0,0,0,-,-,-,00/01/1900 00:00,00/01/1900 00:00,N
368,424437,140400172,ComipemsV2,1516,30,0,60,0,-,-,-,-,-,-,0,0,0,0,0,0,-,-,-,00/01/1900 00:00,00/01/1900 00:00,N
369,424487,140600202,ComipemsV2,1516,30,0,60,0,-,-,-,-,-,-,0,0,0,0,0,0,-,-,-,00/01/1900 00:00,00/01/1900 00:00,N
370,424540,140400275,ComipemsV2,1516,30,0,60,0,-,-,-,-,-,-,0,0,0,0,0,0,-,-,-,00/01/1900 00:00,00/01/1900 00:00,N
371,425377,140401300,ComipemsV2,1516,30,0,60,0,-,-,-,-,-,-,0,0,0,0,0,0,-,-,-,00/01/1900 00:00,00/01/1900 00:00,N
372,425415,140601327,ComipemsV2,1516,30,0,60,0,-,-,-,-,-,-,0,0,0,0,0,0,-,-,-,00/01/1900 00:00,00/01/1900 00:00,N
373,425435,140301355,ComipemsV2,1516,30,0,60,0,-,-,-,-,-,-,0,0,0,0,0,0,-,-,-,00/01/1900 00:00,00/01/1900 00:00,N
374,425665,140401658,ComipemsV2,1516,30,0,60,0,-,-,-,-,-,-,0,0,0,0,0,0,-,-,-,00/01/1900 00:00,00/01/1900 00:00,N
375,425726,140301756,ComipemsV2,1516,30,0,60,0,-,-,-,-,-,-,0,0,0,0,0,0,-,-,-,00/01/1900 00:00,00/01/1900 00:00,N
376,425730,140401750,ComipemsV2,1516,30,0,60,0,-,-,-,-,-,-,0,0,0,0,0,0,-,-,-,00/01/1900 00:00,00/01/1900 00:00,N
377,425892,130401534,ComipemsV2,1516,30,0,60,0,-,-,-,-,-,-,0,0,0,0,0,0,-,-,-,00/01/1900 00:00,00/01/1900 00:00,N
378,426325,140602512,ComipemsV2,1516,30,0,60,0,-,-,-,-,-,-,0,0,0,0,0,0,-,-,-,00/01/1900 00:00,00/01/1900 00:00,N
379,427084,140403711,ComipemsV2,1516,30,0,60,0,-,-,-,-,-,-,0,0,0,0,0,0,-,-,-,00/01/1900 00:00,00/01/1900 00:00,N
380,427273,140303972,ComipemsV2,1516,30,0,60,0,-,-,-,-,-,-,0,0,0,0,0,0,-,-,-,00/01/1900 00:00,00/01/1900 00:00,N
381,427471,140104218,ComipemsV2,1516,30,0,60,0,-,-,-,-,-,-,0,0,0,0,0,0,-,-,-,00/01/1900 00:00,00/01/1900 00:00,N
382,427520,140803055,ComipemsV2,1516,30,0,60,0,-,-,-,-,-,-,0,0,0,0,0,0,-,-,-,00/01/1900 00:00,00/01/1900 00:00,N
383,429315,150402299,ComipemsV2,1516,30,0,60,0,-,-,-,-,-,-,0,0,0,0,0,0,-,-,-,00/01/1900 00:00,00/01/1900 00:00,N
384,429525,140203346,ComipemsV2,1516,30,0,60,0,-,-,-,-,-,-,0,0,0,0,0,0,-,-,-,00/01/1900 00:00,00/01/1900 00:00,N
385,429569,140203415,ComipemsV2,1516,30,0,60,0,-,-,-,-,-,-,0,0,0,0,0,0,-,-,-,00/01/1900 00:00,00/01/1900 00:00,N
386,429730,015635069,ComipemsV2,1516,30,0,60,0,-,-,-,-,-,-,0,0,0,0,0,0,-,-,-,00/01/1900 00:00,00/01/1900 00:00,N
387,430013,016236582,ComipemsV2,1516,30,0,60,0,-,-,-,-,-,-,0,0,0,0,0,0,-,-,-,00/01/1900 00:00,00/01/1900 00:00,N
388,430435,011137265,ComipemsV2,1516,30,0,60,0,-,-,-,-,-,-,0,0,0,0,0,0,-,-,-,00/01/1900 00:00,00/01/1900 00:00,N
389,430943,013638203,ComipemsV2,1516,30,0,60,0,-,-,-,-,-,-,0,0,0,0,0,0,-,-,-,00/01/1900 00:00,00/01/1900 00:00,N
390,431233,010638767,ComipemsV2,1516,30,0,60,0,-,-,-,-,-,-,0,0,0,0,0,0,-,-,-,00/01/1900 00:00,00/01/1900 00:00,N
391,432238,010635784,ComipemsV2,1516,30,0,60,0,-,-,-,-,-,-,0,0,0,0,0,0,-,-,-,00/01/1900 00:00,00/01/1900 00:00,N
392,432443,014341338,ComipemsV2,1516,30,0,60,0,-,-,-,-,-,-,0,0,0,0,0,0,-,-,-,00/01/1900 00:00,00/01/1900 00:00,N
393,432550,011241542,ComipemsV2,1516,30,0,60,0,-,-,-,-,-,-,0,0,0,0,0,0,-,-,-,00/01/1900 00:00,00/01/1900 00:00,N
394,433741,010643814,ComipemsV2,1516,30,0,60,0,-,-,-,-,-,-,0,0,0,0,0,0,-,-,-,00/01/1900 00:00,00/01/1900 00:00,N
395,435079,390211103,ComipemsV2,1516,30,0,60,0,-,-,-,-,-,-,0,0,0,0,0,0,-,-,-,00/01/1900 00:00,00/01/1900 00:00,N
396,435211,030205071,ComipemsV2,1516,30,0,60,0,-,-,-,-,-,-,0,0,0,0,0,0,-,-,-,00/01/1900 00:00,00/01/1900 00:00,N
397,435240,220105254,ComipemsV2,1516,30,0,60,0,-,-,-,-,-,-,0,0,0,0,0,0,-,-,-,00/01/1900 00:00,00/01/1900 00:00,N
398,435264,220205235,ComipemsV2,1516,30,0,60,0,-,-,-,-,-,-,0,0,0,0,0,0,-,-,-,00/01/1900 00:00,00/01/1900 00:00,N
399,435346,380106894,ComipemsV2,1516,30,0,60,0,-,-,-,-,-,-,0,0,0,0,0,0,-,-,-,00/01/1900 00:00,00/01/1900 00:00,N
400,435392,380206849,ComipemsV2,1516,30,0,60,0,-,-,-,-,-,-,0,0,0,0,0,0,-,-,-,00/01/1900 00:00,00/01/1900 00:00,N
401,435537,230301847,ComipemsV2,1516,30,0,60,0,-,-,-,-,-,-,0,0,0,0,0,0,-,-,-,00/01/1900 00:00,00/01/1900 00:00,N
402,435538,230101868,ComipemsV2,1516,30,0,60,0,-,-,-,-,-,-,0,0,0,0,0,0,-,-,-,00/01/1900 00:00,00/01/1900 00:00,N
403,435737,290208925,ComipemsV2,1516,30,0,60,0,-,-,-,-,-,-,0,0,0,0,0,0,-,-,-,00/01/1900 00:00,00/01/1900 00:00,N
404,436023,040304206,ComipemsV2,1516,30,0,60,0,-,-,-,-,-,-,0,0,0,0,0,0,-,-,-,00/01/1900 00:00,00/01/1900 00:00,N
405,436274,120304726,ComipemsV2,1516,30,0,60,0,-,-,-,-,-,-,0,0,0,0,0,0,-,-,-,00/01/1900 00:00,00/01/1900 00:00,N
406,436367,140104363,ComipemsV2,1516,30,0,60,0,-,-,-,-,-,-,0,0,0,0,0,0,-,-,-,00/01/1900 00:00,00/01/1900 00:00,N
407,436969,050607855,ComipemsV2,1516,30,0,60,0,-,-,-,-,-,-,0,0,0,0,0,0,-,-,-,00/01/1900 00:00,00/01/1900 00:00,N
408,437033,070706678,ComipemsV2,1516,30,0,60,0,-,-,-,-,-,-,0,0,0,0,0,0,-,-,-,00/01/1900 00:00,00/01/1900 00:00,N
409,437259,090208814,ComipemsV2,1516,30,0,60,0,-,-,-,-,-,-,0,0,0,0,0,0,-,-,-,00/01/1900 00:00,00/01/1900 00:00,N
410,437346,250106224,ComipemsV2,1516,30,0,60,0,-,-,-,-,-,-,0,0,0,0,0,0,-,-,-,00/01/1900 00:00,00/01/1900 00:00,N
411,437805,180404837,ComipemsV2,1516,30,0,60,0,-,-,-,-,-,-,0,0,0,0,0,0,-,-,-,00/01/1900 00:00,00/01/1900 00:00,N
412,437840,180304765,ComipemsV2,1516,30,0,60,0,-,-,-,-,-,-,0,0,0,0,0,0,-,-,-,00/01/1900 00:00,00/01/1900 00:00,N
413,438004,200406156,ComipemsV2,1516,30,0,60,0,-,-,-,-,-,-,0,0,0,0,0,0,-,-,-,00/01/1900 00:00,00/01/1900 00:00,N
414,438184,220405426,ComipemsV2,1516,30,0,60,0,-,-,-,-,-,-,0,0,0,0,0,0,-,-,-,00/01/1900 00:00,00/01/1900 00:00,N
415,438198,240103750,ComipemsV2,1516,30,0,60,0,-,-,-,-,-,-,0,0,0,0,0,0,-,-,-,00/01/1900 00:00,00/01/1900 00:00,N
416,438238,240103737,ComipemsV2,1516,30,0,60,0,-,-,-,-,-,-,0,0,0,0,0,0,-,-,-,00/01/1900 00:00,00/01/1900 00:00,N
417,438307,090408605,ComipemsV2,1516,30,0,60,0,-,-,-,-,-,-,0,0,0,0,0,0,-,-,-,00/01/1900 00:00,00/01/1900 00:00,N
418,438351,220405276,ComipemsV2,1516,30,0,60,0,-,-,-,-,-,-,0,0,0,0,0,0,-,-,-,00/01/1900 00:00,00/01/1900 00:00,N
419,438490,040604267,ComipemsV2,1516,30,0,60,0,-,-,-,-,-,-,0,0,0,0,0,0,-,-,-,00/01/1900 00:00,00/01/1900 00:00,N
420,438571,090409030,ComipemsV2,1516,30,0,60,0,-,-,-,-,-,-,0,0,0,0,0,0,-,-,-,00/01/1900 00:00,00/01/1900 00:00,N
421,438588,090109048,ComipemsV2,1516,30,0,60,0,-,-,-,-,-,-,0,0,0,0,0,0,-,-,-,00/01/1900 00:00,00/01/1900 00:00,N
422,438694,160410103,ComipemsV2,1516,30,0,60,0,-,-,-,-,-,-,0,0,0,0,0,0,-,-,-,00/01/1900 00:00,00/01/1900 00:00,N
423,439287,400111673,ComipemsV2,1516,30,0,60,0,-,-,-,-,-,-,0,0,0,0,0,0,-,-,-,00/01/1900 00:00,00/01/1900 00:00,N
424,439660,240303856,ComipemsV2,1516,30,0,60,0,-,-,-,-,-,-,0,0,0,0,0,0,-,-,-,00/01/1900 00:00,00/01/1900 00:00,N
425,439780,280510210,ComipemsV2,1516,30,0,60,0,-,-,-,-,-,-,0,0,0,0,0,0,-,-,-,00/01/1900 00:00,00/01/1900 00:00,N
426,439832,300211622,ComipemsV2,1516,30,0,60,0,-,-,-,-,-,-,0,0,0,0,0,0,-,-,-,00/01/1900 00:00,00/01/1900 00:00,N
427,440075,010158427,ComipemsV2,1516,30,0,60,0,-,-,-,-,-,-,0,0,0,0,0,0,-,-,-,00/01/1900 00:00,00/01/1900 00:00,N
428,440077,020507423,ComipemsV2,1516,30,0,60,0,-,-,-,-,-,-,0,0,0,0,0,0,-,-,-,00/01/1900 00:00,00/01/1900 00:00,N
429,440241,059908232,ComipemsV2,1516,30,0,60,0,-,-,-,-,-,-,0,0,0,0,0,0,-,-,-,00/01/1900 00:00,00/01/1900 00:00,N
430,440273,100403987,ComipemsV2,1516,30,0,60,0,-,-,-,-,-,-,0,0,0,0,0,0,-,-,-,00/01/1900 00:00,00/01/1900 00:00,N
431,440378,080911153,ComipemsV2,1516,30,0,60,0,-,-,-,-,-,-,0,0,0,0,0,0,-,-,-,00/01/1900 00:00,00/01/1900 00:00,N
432,440411,400211759,ComipemsV2,1516,30,0,60,0,-,-,-,-,-,-,0,0,0,0,0,0,-,-,-,00/01/1900 00:00,00/01/1900 00:00,N
433,440584,220102971,ComipemsV2,1516,30,0,60,0,-,-,-,-,-,-,0,0,0,0,0,0,-,-,-,00/01/1900 00:00,00/01/1900 00:00,N
434,440954,220403408,ComipemsV2,1516,30,0,60,0,-,-,-,-,-,-,0,0,0,0,0,0,-,-,-,00/01/1900 00:00,00/01/1900 00:00,N
435,441511,220102594,ComipemsV2,1516,30,0,60,0,-,-,-,-,-,-,0,0,0,0,0,0,-,-,-,00/01/1900 00:00,00/01/1900 00:00,N
436,441701,220402852,ComipemsV2,1516,30,0,60,0,-,-,-,-,-,-,0,0,0,0,0,0,-,-,-,00/01/1900 00:00,00/01/1900 00:00,N
437,442081,220404651,ComipemsV2,1516,30,0,60,0,-,-,-,-,-,-,0,0,0,0,0,0,-,-,-,00/01/1900 00:00,00/01/1900 00:00,N
438,442136,220204758,ComipemsV2,1516,30,0,60,0,-,-,-,-,-,-,0,0,0,0,0,0,-,-,-,00/01/1900 00:00,00/01/1900 00:00,N
439,442347,220103989,ComipemsV2,1516,30,0,60,0,-,-,-,-,-,-,0,0,0,0,0,0,-,-,-,00/01/1900 00:00,00/01/1900 00:00,N
440,442385,220403995,ComipemsV2,1516,30,0,60,0,-,-,-,-,-,-,0,0,0,0,0,0,-,-,-,00/01/1900 00:00,00/01/1900 00:00,N
441,442444,220505078,ComipemsV2,1516,30,0,60,0,-,-,-,-,-,-,0,0,0,0,0,0,-,-,-,00/01/1900 00:00,00/01/1900 00:00,N
442,442708,230300347,ComipemsV2,1516,30,0,60,0,-,-,-,-,-,-,0,0,0,0,0,0,-,-,-,00/01/1900 00:00,00/01/1900 00:00,N
443,442732,230100337,ComipemsV2,1516,30,0,60,0,-,-,-,-,-,-,0,0,0,0,0,0,-,-,-,00/01/1900 00:00,00/01/1900 00:00,N
444,442880,220404129,ComipemsV2,1516,30,0,60,0,-,-,-,-,-,-,0,0,0,0,0,0,-,-,-,00/01/1900 00:00,00/01/1900 00:00,N
445,443487,290203869,ComipemsV2,1516,30,0,60,0,-,-,-,-,-,-,0,0,0,0,0,0,-,-,-,00/01/1900 00:00,00/01/1900 00:00,N
446,444962,270108878,ComipemsV2,1516,30,0,60,0,-,-,-,-,-,-,0,0,0,0,0,0,-,-,-,00/01/1900 00:00,00/01/1900 00:00,N
447,445230,270210903,ComipemsV2,1516,30,0,60,0,-,-,-,-,-,-,0,0,0,0,0,0,-,-,-,00/01/1900 00:00,00/01/1900 00:00,N
448,445276,270211022,ComipemsV2,1516,30,0,60,0,-,-,-,-,-,-,0,0,0,0,0,0,-,-,-,00/01/1900 00:00,00/01/1900 00:00,N
449,445362,270711401,ComipemsV2,1516,30,0,60,0,-,-,-,-,-,-,0,0,0,0,0,0,-,-,-,00/01/1900 00:00,00/01/1900 00:00,N
450,445517,270508926,ComipemsV2,1516,30,0,60,0,-,-,-,-,-,-,0,0,0,0,0,0,-,-,-,00/01/1900 00:00,00/01/1900 00:00,N
451,445975,270509336,ComipemsV2,1516,30,0,60,0,-,-,-,-,-,-,0,0,0,0,0,0,-,-,-,00/01/1900 00:00,00/01/1900 00:00,N
452,446161,270109802,ComipemsV2,1516,30,0,60,0,-,-,-,-,-,-,0,0,0,0,0,0,-,-,-,00/01/1900 00:00,00/01/1900 00:00,N
453,446299,280200836,ComipemsV2,1516,30,0,60,0,-,-,-,-,-,-,0,0,0,0,0,0,-,-,-,00/01/1900 00:00,00/01/1900 00:00,N
454,446498,280602774,ComipemsV2,1516,30,0,60,0,-,-,-,-,-,-,0,0,0,0,0,0,-,-,-,00/01/1900 00:00,00/01/1900 00:00,N
455,446644,280503298,ComipemsV2,1516,30,0,60,0,-,-,-,-,-,-,0,0,0,0,0,0,-,-,-,00/01/1900 00:00,00/01/1900 00:00,N
456,447071,280304547,ComipemsV2,1516,30,0,60,0,-,-,-,-,-,-,0,0,0,0,0,0,-,-,-,00/01/1900 00:00,00/01/1900 00:00,N
457,447123,280204700,ComipemsV2,1516,30,0,60,0,-,-,-,-,-,-,0,0,0,0,0,0,-,-,-,00/01/1900 00:00,00/01/1900 00:00,N
458,447474,280301803,ComipemsV2,1516,30,0,60,0,-,-,-,-,-,-,0,0,0,0,0,0,-,-,-,00/01/1900 00:00,00/01/1900 00:00,N
459,447678,100400501,ComipemsV2,1516,30,0,60,0,-,-,-,-,-,-,0,0,0,0,0,0,-,-,-,00/01/1900 00:00,00/01/1900 00:00,N
460,449024,100300428,ComipemsV2,1516,30,0,60,0,-,-,-,-,-,-,0,0,0,0,0,0,-,-,-,00/01/1900 00:00,00/01/1900 00:00,N
461,449182,100302442,ComipemsV2,1516,30,0,60,0,-,-,-,-,-,-,0,0,0,0,0,0,-,-,-,00/01/1900 00:00,00/01/1900 00:00,N
462,449350,100102643,ComipemsV2,1516,30,0,60,0,-,-,-,-,-,-,0,0,0,0,0,0,-,-,-,00/01/1900 00:00,00/01/1900 00:00,N
463,450138,110300253,ComipemsV2,1516,30,0,60,0,-,-,-,-,-,-,0,0,0,0,0,0,-,-,-,00/01/1900 00:00,00/01/1900 00:00,N
464,450149,110100324,ComipemsV2,1516,30,0,60,0,-,-,-,-,-,-,0,0,0,0,0,0,-,-,-,00/01/1900 00:00,00/01/1900 00:00,N
465,451393,350501305,ComipemsV2,1516,30,0,60,0,-,-,-,-,-,-,0,0,0,0,0,0,-,-,-,00/01/1900 00:00,00/01/1900 00:00,N
466,451428,350201510,ComipemsV2,1516,30,0,60,0,-,-,-,-,-,-,0,0,0,0,0,0,-,-,-,00/01/1900 00:00,00/01/1900 00:00,N
467,451630,350102687,ComipemsV2,1516,30,0,60,0,-,-,-,-,-,-,0,0,0,0,0,0,-,-,-,00/01/1900 00:00,00/01/1900 00:00,N
468,451859,350103453,ComipemsV2,1516,30,0,60,0,-,-,-,-,-,-,0,0,0,0,0,0,-,-,-,00/01/1900 00:00,00/01/1900 00:00,N
469,451908,350603616,ComipemsV2,1516,30,0,60,0,-,-,-,-,-,-,0,0,0,0,0,0,-,-,-,00/01/1900 00:00,00/01/1900 00:00,N
470,452239,350203750,ComipemsV2,1516,30,0,60,0,-,-,-,-,-,-,0,0,0,0,0,0,-,-,-,00/01/1900 00:00,00/01/1900 00:00,N
471,452406,360100776,ComipemsV2,1516,30,0,60,0,-,-,-,-,-,-,0,0,0,0,0,0,-,-,-,00/01/1900 00:00,00/01/1900 00:00,N
472,453278,360403060,ComipemsV2,1516,30,0,60,0,-,-,-,-,-,-,0,0,0,0,0,0,-,-,-,00/01/1900 00:00,00/01/1900 00:00,N
473,453452,360603351,ComipemsV2,1516,30,0,60,0,-,-,-,-,-,-,0,0,0,0,0,0,-,-,-,00/01/1900 00:00,00/01/1900 00:00,N
474,453840,360400153,ComipemsV2,1516,30,0,60,0,-,-,-,-,-,-,0,0,0,0,0,0,-,-,-,00/01/1900 00:00,00/01/1900 00:00,N
475,455678,200504067,ComipemsV2,1516,30,0,60,0,-,-,-,-,-,-,0,0,0,0,0,0,-,-,-,00/01/1900 00:00,00/01/1900 00:00,N
476,456549,210201098,ComipemsV2,1516,30,0,60,0,-,-,-,-,-,-,0,0,0,0,0,0,-,-,-,00/01/1900 00:00,00/01/1900 00:00,N
477,456734,210401412,ComipemsV2,1516,30,0,60,0,-,-,-,-,-,-,0,0,0,0,0,0,-,-,-,00/01/1900 00:00,00/01/1900 00:00,N
478,457161,210101790,ComipemsV2,1516,30,0,60,0,-,-,-,-,-,-,0,0,0,0,0,0,-,-,-,00/01/1900 00:00,00/01/1900 00:00,N
479,457387,210400699,ComipemsV2,1516,30,0,60,0,-,-,-,-,-,-,0,0,0,0,0,0,-,-,-,00/01/1900 00:00,00/01/1900 00:00,N
480,457557,210400889,ComipemsV2,1516,30,0,60,0,-,-,-,-,-,-,0,0,0,0,0,0,-,-,-,00/01/1900 00:00,00/01/1900 00:00,N
481,457583,210200867,ComipemsV2,1516,30,0,60,0,-,-,-,-,-,-,0,0,0,0,0,0,-,-,-,00/01/1900 00:00,00/01/1900 00:00,N
482,457722,330504517,ComipemsV2,1516,30,0,60,0,-,-,-,-,-,-,0,0,0,0,0,0,-,-,-,00/01/1900 00:00,00/01/1900 00:00,N
483,457871,330404730,ComipemsV2,1516,30,0,60,0,-,-,-,-,-,-,0,0,0,0,0,0,-,-,-,00/01/1900 00:00,00/01/1900 00:00,N
484,459366,250200608,ComipemsV2,1516,30,0,60,0,-,-,-,-,-,-,0,0,0,0,0,0,-,-,-,00/01/1900 00:00,00/01/1900 00:00,N
485,461318,250603119,ComipemsV2,1516,30,0,60,0,-,-,-,-,-,-,0,0,0,0,0,0,-,-,-,00/01/1900 00:00,00/01/1900 00:00,N
486,462236,250604191,ComipemsV2,1516,30,0,60,0,-,-,-,-,-,-,0,0,0,0,0,0,-,-,-,00/01/1900 00:00,00/01/1900 00:00,N
487,462304,250604248,ComipemsV2,1516,30,0,60,0,-,-,-,-,-,-,0,0,0,0,0,0,-,-,-,00/01/1900 00:00,00/01/1900 00:00,N
488,462646,080108752,ComipemsV2,1516,30,0,60,0,-,-,-,-,-,-,0,0,0,0,0,0,-,-,-,00/01/1900 00:00,00/01/1900 00:00,N
489,462732,080109444,ComipemsV2,1516,30,0,60,0,-,-,-,-,-,-,0,0,0,0,0,0,-,-,-,00/01/1900 00:00,00/01/1900 00:00,N
490,462766,080709474,ComipemsV2,1516,30,0,60,0,-,-,-,-,-,-,0,0,0,0,0,0,-,-,-,00/01/1900 00:00,00/01/1900 00:00,N
491,462877,090900128,ComipemsV2,1516,30,0,60,0,-,-,-,-,-,-,0,0,0,0,0,0,-,-,-,00/01/1900 00:00,00/01/1900 00:00,N
492,463304,090300687,ComipemsV2,1516,30,0,60,0,-,-,-,-,-,-,0,0,0,0,0,0,-,-,-,00/01/1900 00:00,00/01/1900 00:00,N
493,463354,090300709,ComipemsV2,1516,30,0,60,0,-,-,-,-,-,-,0,0,0,0,0,0,-,-,-,00/01/1900 00:00,00/01/1900 00:00,N
494,464023,080208995,ComipemsV2,1516,30,0,60,0,-,-,-,-,-,-,0,0,0,0,0,0,-,-,-,00/01/1900 00:00,00/01/1900 00:00,N
495,464142,080809167,ComipemsV2,1516,30,0,60,0,-,-,-,-,-,-,0,0,0,0,0,0,-,-,-,00/01/1900 00:00,00/01/1900 00:00,N
496,464167,080509194,ComipemsV2,1516,30,0,60,0,-,-,-,-,-,-,0,0,0,0,0,0,-,-,-,00/01/1900 00:00,00/01/1900 00:00,N
497,464240,080709267,ComipemsV2,1516,30,0,60,0,-,-,-,-,-,-,0,0,0,0,0,0,-,-,-,00/01/1900 00:00,00/01/1900 00:00,N
498,464607,090702528,ComipemsV2,1516,30,0,60,0,-,-,-,-,-,-,0,0,0,0,0,0,-,-,-,00/01/1900 00:00,00/01/1900 00:00,N
499,465230,090703322,ComipemsV2,1516,30,0,60,0,-,-,-,-,-,-,0,0,0,0,0,0,-,-,-,00/01/1900 00:00,00/01/1900 00:00,N
500,465385,090703517,ComipemsV2,1516,30,0,60,0,-,-,-,-,-,-,0,0,0,0,0,0,-,-,-,00/01/1900 00:00,00/01/1900 00:00,N
501,465969,090602188,ComipemsV2,1516,30,0,60,0,-,-,-,-,-,-,0,0,0,0,0,0,-,-,-,00/01/1900 00:00,00/01/1900 00:00,N
502,466694,400607743,ComipemsV2,1516,30,0,60,0,-,-,-,-,-,-,0,0,0,0,0,0,-,-,-,00/01/1900 00:00,00/01/1900 00:00,N
503,466714,400307742,ComipemsV2,1516,30,0,60,0,-,-,-,-,-,-,0,0,0,0,0,0,-,-,-,00/01/1900 00:00,00/01/1900 00:00,N
504,466997,400306367,ComipemsV2,1516,30,0,60,0,-,-,-,-,-,-,0,0,0,0,0,0,-,-,-,00/01/1900 00:00,00/01/1900 00:00,N
505,467178,400206716,ComipemsV2,1516,30,0,60,0,-,-,-,-,-,-,0,0,0,0,0,0,-,-,-,00/01/1900 00:00,00/01/1900 00:00,N
506,467483,400309227,ComipemsV2,1516,30,0,60,0,-,-,-,-,-,-,0,0,0,0,0,0,-,-,-,00/01/1900 00:00,00/01/1900 00:00,N
507,467635,400809476,ComipemsV2,1516,30,0,60,0,-,-,-,-,-,-,0,0,0,0,0,0,-,-,-,00/01/1900 00:00,00/01/1900 00:00,N
508,468022,400410005,ComipemsV2,1516,30,0,60,0,-,-,-,-,-,-,0,0,0,0,0,0,-,-,-,00/01/1900 00:00,00/01/1900 00:00,N
509,468299,400408621,ComipemsV2,1516,30,0,60,0,-,-,-,-,-,-,0,0,0,0,0,0,-,-,-,00/01/1900 00:00,00/01/1900 00:00,N
510,468569,030303733,ComipemsV2,1516,30,0,60,0,-,-,-,-,-,-,0,0,0,0,0,0,-,-,-,00/01/1900 00:00,00/01/1900 00:00,N
511,468721,030303984,ComipemsV2,1516,30,0,60,0,-,-,-,-,-,-,0,0,0,0,0,0,-,-,-,00/01/1900 00:00,00/01/1900 00:00,N
512,468943,030504357,ComipemsV2,1516,30,0,60,0,-,-,-,-,-,-,0,0,0,0,0,0,-,-,-,00/01/1900 00:00,00/01/1900 00:00,N
513,469158,030404631,ComipemsV2,1516,30,0,60,0,-,-,-,-,-,-,0,0,0,0,0,0,-,-,-,00/01/1900 00:00,00/01/1900 00:00,N
514,469493,040100259,ComipemsV2,1516,30,0,60,0,-,-,-,-,-,-,0,0,0,0,0,0,-,-,-,00/01/1900 00:00,00/01/1900 00:00,N
515,469706,040100445,ComipemsV2,1516,30,0,60,0,-,-,-,-,-,-,0,0,0,0,0,0,-,-,-,00/01/1900 00:00,00/01/1900 00:00,N
516,469712,040600460,ComipemsV2,1516,30,0,60,0,-,-,-,-,-,-,0,0,0,0,0,0,-,-,-,00/01/1900 00:00,00/01/1900 00:00,N
517,470000,040400796,ComipemsV2,1516,30,0,60,0,-,-,-,-,-,-,0,0,0,0,0,0,-,-,-,00/01/1900 00:00,00/01/1900 00:00,N
518,470024,040400772,ComipemsV2,1516,30,0,60,0,-,-,-,-,-,-,0,0,0,0,0,0,-,-,-,00/01/1900 00:00,00/01/1900 00:00,N
519,470033,040300858,ComipemsV2,1516,30,0,60,0,-,-,-,-,-,-,0,0,0,0,0,0,-,-,-,00/01/1900 00:00,00/01/1900 00:00,N
520,470072,040600835,ComipemsV2,1516,30,0,60,0,-,-,-,-,-,-,0,0,0,0,0,0,-,-,-,00/01/1900 00:00,00/01/1900 00:00,N
521,470431,040301186,ComipemsV2,1516,30,0,60,0,-,-,-,-,-,-,0,0,0,0,0,0,-,-,-,00/01/1900 00:00,00/01/1900 00:00,N
522,470504,040401299,ComipemsV2,1516,30,0,60,0,-,-,-,-,-,-,0,0,0,0,0,0,-,-,-,00/01/1900 00:00,00/01/1900 00:00,N
523,471037,030203415,ComipemsV2,1516,30,0,60,0,-,-,-,-,-,-,0,0,0,0,0,0,-,-,-,00/01/1900 00:00,00/01/1900 00:00,N
524,471121,030503584,ComipemsV2,1516,30,0,60,0,-,-,-,-,-,-,0,0,0,0,0,0,-,-,-,00/01/1900 00:00,00/01/1900 00:00,N
525,471183,040401356,ComipemsV2,1516,30,0,60,0,-,-,-,-,-,-,0,0,0,0,0,0,-,-,-,00/01/1900 00:00,00/01/1900 00:00,N
526,471457,040402115,ComipemsV2,1516,30,0,60,0,-,-,-,-,-,-,0,0,0,0,0,0,-,-,-,00/01/1900 00:00,00/01/1900 00:00,N
527,471488,040402223,ComipemsV2,1516,30,0,60,0,-,-,-,-,-,-,0,0,0,0,0,0,-,-,-,00/01/1900 00:00,00/01/1900 00:00,N
528,471621,040502372,ComipemsV2,1516,30,0,60,0,-,-,-,-,-,-,0,0,0,0,0,0,-,-,-,00/01/1900 00:00,00/01/1900 00:00,N
529,471678,040302423,ComipemsV2,1516,30,0,60,0,-,-,-,-,-,-,0,0,0,0,0,0,-,-,-,00/01/1900 00:00,00/01/1900 00:00,N
530,471680,040502453,ComipemsV2,1516,30,0,60,0,-,-,-,-,-,-,0,0,0,0,0,0,-,-,-,00/01/1900 00:00,00/01/1900 00:00,N
531,471983,040202747,ComipemsV2,1516,30,0,60,0,-,-,-,-,-,-,0,0,0,0,0,0,-,-,-,00/01/1900 00:00,00/01/1900 00:00,N
532,472025,040502817,ComipemsV2,1516,30,0,60,0,-,-,-,-,-,-,0,0,0,0,0,0,-,-,-,00/01/1900 00:00,00/01/1900 00:00,N
533,472029,040102816,ComipemsV2,1516,30,0,60,0,-,-,-,-,-,-,0,0,0,0,0,0,-,-,-,00/01/1900 00:00,00/01/1900 00:00,N
534,472053,040102777,ComipemsV2,1516,30,0,60,0,-,-,-,-,-,-,0,0,0,0,0,0,-,-,-,00/01/1900 00:00,00/01/1900 00:00,N
535,472200,040202963,ComipemsV2,1516,30,0,60,0,-,-,-,-,-,-,0,0,0,0,0,0,-,-,-,00/01/1900 00:00,00/01/1900 00:00,N
536,472327,040603108,ComipemsV2,1516,30,0,60,0,-,-,-,-,-,-,0,0,0,0,0,0,-,-,-,00/01/1900 00:00,00/01/1900 00:00,N
537,472369,040403090,ComipemsV2,1516,30,0,60,0,-,-,-,-,-,-,0,0,0,0,0,0,-,-,-,00/01/1900 00:00,00/01/1900 00:00,N
538,472545,040503294,ComipemsV2,1516,30,0,60,0,-,-,-,-,-,-,0,0,0,0,0,0,-,-,-,00/01/1900 00:00,00/01/1900 00:00,N
539,472629,040603371,ComipemsV2,1516,30,0,60,0,-,-,-,-,-,-,0,0,0,0,0,0,-,-,-,00/01/1900 00:00,00/01/1900 00:00,N
540,472657,040603449,ComipemsV2,1516,30,0,60,0,-,-,-,-,-,-,0,0,0,0,0,0,-,-,-,00/01/1900 00:00,00/01/1900 00:00,N
541,472760,040403544,ComipemsV2,1516,30,0,60,0,-,-,-,-,-,-,0,0,0,0,0,0,-,-,-,00/01/1900 00:00,00/01/1900 00:00,N
542,472770,040303552,ComipemsV2,1516,30,0,60,0,-,-,-,-,-,-,0,0,0,0,0,0,-,-,-,00/01/1900 00:00,00/01/1900 00:00,N
543,472810,040503602,ComipemsV2,1516,30,0,60,0,-,-,-,-,-,-,0,0,0,0,0,0,-,-,-,00/01/1900 00:00,00/01/1900 00:00,N
544,472818,040303606,ComipemsV2,1516,30,0,60,0,-,-,-,-,-,-,0,0,0,0,0,0,-,-,-,00/01/1900 00:00,00/01/1900 00:00,N
545,472887,040203704,ComipemsV2,1516,30,0,60,0,-,-,-,-,-,-,0,0,0,0,0,0,-,-,-,00/01/1900 00:00,00/01/1900 00:00,N
546,472984,040503753,ComipemsV2,1516,30,0,60,0,-,-,-,-,-,-,0,0,0,0,0,0,-,-,-,00/01/1900 00:00,00/01/1900 00:00,N
547,473096,040403922,ComipemsV2,1516,30,0,60,0,-,-,-,-,-,-,0,0,0,0,0,0,-,-,-,00/01/1900 00:00,00/01/1900 00:00,N
548,473097,040203891,ComipemsV2,1516,30,0,60,0,-,-,-,-,-,-,0,0,0,0,0,0,-,-,-,00/01/1900 00:00,00/01/1900 00:00,N
549,473497,013957007,ComipemsV2,1516,30,0,60,0,-,-,-,-,-,-,0,0,0,0,0,0,-,-,-,00/01/1900 00:00,00/01/1900 00:00,N
550,473716,040301734,ComipemsV2,1516,30,0,60,0,-,-,-,-,-,-,0,0,0,0,0,0,-,-,-,00/01/1900 00:00,00/01/1900 00:00,N
551,473840,040201828,ComipemsV2,1516,30,0,60,0,-,-,-,-,-,-,0,0,0,0,0,0,-,-,-,00/01/1900 00:00,00/01/1900 00:00,N
552,474074,070505095,ComipemsV2,1516,30,0,60,0,-,-,-,-,-,-,0,0,0,0,0,0,-,-,-,00/01/1900 00:00,00/01/1900 00:00,N
553,474244,070705365,ComipemsV2,1516,30,0,60,0,-,-,-,-,-,-,0,0,0,0,0,0,-,-,-,00/01/1900 00:00,00/01/1900 00:00,N
554,474441,070704310,ComipemsV2,1516,30,0,60,0,-,-,-,-,-,-,0,0,0,0,0,0,-,-,-,00/01/1900 00:00,00/01/1900 00:00,N
555,474641,080400026,ComipemsV2,1516,30,0,60,0,-,-,-,-,-,-,0,0,0,0,0,0,-,-,-,00/01/1900 00:00,00/01/1900 00:00,N
556,474694,080300144,ComipemsV2,1516,30,0,60,0,-,-,-,-,-,-,0,0,0,0,0,0,-,-,-,00/01/1900 00:00,00/01/1900 00:00,N
557,474751,080100217,ComipemsV2,1516,30,0,60,0,-,-,-,-,-,-,0,0,0,0,0,0,-,-,-,00/01/1900 00:00,00/01/1900 00:00,N
558,474962,080400461,ComipemsV2,1516,30,0,60,0,-,-,-,-,-,-,0,0,0,0,0,0,-,-,-,00/01/1900 00:00,00/01/1900 00:00,N
559,474997,070704370,ComipemsV2,1516,30,0,60,0,-,-,-,-,-,-,0,0,0,0,0,0,-,-,-,00/01/1900 00:00,00/01/1900 00:00,N
560,475009,070404328,ComipemsV2,1516,30,0,60,0,-,-,-,-,-,-,0,0,0,0,0,0,-,-,-,00/01/1900 00:00,00/01/1900 00:00,N
561,475115,080700624,ComipemsV2,1516,30,0,60,0,-,-,-,-,-,-,0,0,0,0,0,0,-,-,-,00/01/1900 00:00,00/01/1900 00:00,N
562,475140,080100659,ComipemsV2,1516,30,0,60,0,-,-,-,-,-,-,0,0,0,0,0,0,-,-,-,00/01/1900 00:00,00/01/1900 00:00,N
563,475441,070704490,ComipemsV2,1516,30,0,60,0,-,-,-,-,-,-,0,0,0,0,0,0,-,-,-,00/01/1900 00:00,00/01/1900 00:00,N
564,475451,070504546,ComipemsV2,1516,30,0,60,0,-,-,-,-,-,-,0,0,0,0,0,0,-,-,-,00/01/1900 00:00,00/01/1900 00:00,N
565,475459,070204475,ComipemsV2,1516,30,0,60,0,-,-,-,-,-,-,0,0,0,0,0,0,-,-,-,00/01/1900 00:00,00/01/1900 00:00,N
566,475475,070404477,ComipemsV2,1516,30,0,60,0,-,-,-,-,-,-,0,0,0,0,0,0,-,-,-,00/01/1900 00:00,00/01/1900 00:00,N
567,475687,070604824,ComipemsV2,1516,30,0,60,0,-,-,-,-,-,-,0,0,0,0,0,0,-,-,-,00/01/1900 00:00,00/01/1900 00:00,N
568,476064,080202188,ComipemsV2,1516,30,0,60,0,-,-,-,-,-,-,0,0,0,0,0,0,-,-,-,00/01/1900 00:00,00/01/1900 00:00,N
569,476176,080802387,ComipemsV2,1516,30,0,60,0,-,-,-,-,-,-,0,0,0,0,0,0,-,-,-,00/01/1900 00:00,00/01/1900 00:00,N
570,476537,080502795,ComipemsV2,1516,30,0,60,0,-,-,-,-,-,-,0,0,0,0,0,0,-,-,-,00/01/1900 00:00,00/01/1900 00:00,N
571,476712,080503129,ComipemsV2,1516,30,0,60,0,-,-,-,-,-,-,0,0,0,0,0,0,-,-,-,00/01/1900 00:00,00/01/1900 00:00,N
572,477302,080601331,ComipemsV2,1516,30,0,60,0,-,-,-,-,-,-,0,0,0,0,0,0,-,-,-,00/01/1900 00:00,00/01/1900 00:00,N
573,477917,160205807,ComipemsV2,1516,30,0,60,0,-,-,-,-,-,-,0,0,0,0,0,0,-,-,-,00/01/1900 00:00,00/01/1900 00:00,N
574,478362,160406402,ComipemsV2,1516,30,0,60,0,-,-,-,-,-,-,0,0,0,0,0,0,-,-,-,00/01/1900 00:00,00/01/1900 00:00,N
575,479562,160408303,ComipemsV2,1516,30,0,60,0,-,-,-,-,-,-,0,0,0,0,0,0,-,-,-,00/01/1900 00:00,00/01/1900 00:00,N
576,479647,160808427,ComipemsV2,1516,30,0,60,0,-,-,-,-,-,-,0,0,0,0,0,0,-,-,-,00/01/1900 00:00,00/01/1900 00:00,N
577,479682,160808546,ComipemsV2,1516,30,0,60,0,-,-,-,-,-,-,0,0,0,0,0,0,-,-,-,00/01/1900 00:00,00/01/1900 00:00,N
578,481005,260304016,ComipemsV2,1516,30,0,60,0,-,-,-,-,-,-,0,0,0,0,0,0,-,-,-,00/01/1900 00:00,00/01/1900 00:00,N
579,481453,260206108,ComipemsV2,1516,30,0,60,0,-,-,-,-,-,-,0,0,0,0,0,0,-,-,-,00/01/1900 00:00,00/01/1900 00:00,N
580,481765,260106838,ComipemsV2,1516,30,0,60,0,-,-,-,-,-,-,0,0,0,0,0,0,-,-,-,00/01/1900 00:00,00/01/1900 00:00,N
581,482133,260104493,ComipemsV2,1516,30,0,60,0,-,-,-,-,-,-,0,0,0,0,0,0,-,-,-,00/01/1900 00:00,00/01/1900 00:00,N
582,482456,260507465,ComipemsV2,1516,30,0,60,0,-,-,-,-,-,-,0,0,0,0,0,0,-,-,-,00/01/1900 00:00,00/01/1900 00:00,N
583,482607,260308769,ComipemsV2,1516,30,0,60,0,-,-,-,-,-,-,0,0,0,0,0,0,-,-,-,00/01/1900 00:00,00/01/1900 00:00,N
584,482726,260409072,ComipemsV2,1516,30,0,60,0,-,-,-,-,-,-,0,0,0,0,0,0,-,-,-,00/01/1900 00:00,00/01/1900 00:00,N
585,482727,260508998,ComipemsV2,1516,30,0,60,0,-,-,-,-,-,-,0,0,0,0,0,0,-,-,-,00/01/1900 00:00,00/01/1900 00:00,N
586,482996,260307607,ComipemsV2,1516,30,0,60,0,-,-,-,-,-,-,0,0,0,0,0,0,-,-,-,00/01/1900 00:00,00/01/1900 00:00,N
587,483193,260410040,ComipemsV2,1516,30,0,60,0,-,-,-,-,-,-,0,0,0,0,0,0,-,-,-,00/01/1900 00:00,00/01/1900 00:00,N
588,483272,260110129,ComipemsV2,1516,30,0,60,0,-,-,-,-,-,-,0,0,0,0,0,0,-,-,-,00/01/1900 00:00,00/01/1900 00:00,N
589,483564,260207796,ComipemsV2,1516,30,0,60,0,-,-,-,-,-,-,0,0,0,0,0,0,-,-,-,00/01/1900 00:00,00/01/1900 00:00,N
590,484688,330200572,ComipemsV2,1516,30,0,60,0,-,-,-,-,-,-,0,0,0,0,0,0,-,-,-,00/01/1900 00:00,00/01/1900 00:00,N
591,484938,320307761,ComipemsV2,1516,30,0,60,0,-,-,-,-,-,-,0,0,0,0,0,0,-,-,-,00/01/1900 00:00,00/01/1900 00:00,N
592,485108,330300131,ComipemsV2,1516,30,0,60,0,-,-,-,-,-,-,0,0,0,0,0,0,-,-,-,00/01/1900 00:00,00/01/1900 00:00,N
593,485956,310601706,ComipemsV2,1516,30,0,60,0,-,-,-,-,-,-,0,0,0,0,0,0,-,-,-,00/01/1900 00:00,00/01/1900 00:00,N
594,486028,310201786,ComipemsV2,1516,30,0,60,0,-,-,-,-,-,-,0,0,0,0,0,0,-,-,-,00/01/1900 00:00,00/01/1900 00:00,N
595,486130,310702129,ComipemsV2,1516,30,0,60,0,-,-,-,-,-,-,0,0,0,0,0,0,-,-,-,00/01/1900 00:00,00/01/1900 00:00,N
596,486884,310304135,ComipemsV2,1516,30,0,60,0,-,-,-,-,-,-,0,0,0,0,0,0,-,-,-,00/01/1900 00:00,00/01/1900 00:00,N
597,487086,310404675,ComipemsV2,1516,30,0,60,0,-,-,-,-,-,-,0,0,0,0,0,0,-,-,-,00/01/1900 00:00,00/01/1900 00:00,N
598,487544,310605763,ComipemsV2,1516,30,0,60,0,-,-,-,-,-,-,0,0,0,0,0,0,-,-,-,00/01/1900 00:00,00/01/1900 00:00,N
599,487706,311006289,ComipemsV2,1516,30,0,60,0,-,-,-,-,-,-,0,0,0,0,0,0,-,-,-,00/01/1900 00:00,00/01/1900 00:00,N
600,488328,320200609,ComipemsV2,1516,30,0,60,0,-,-,-,-,-,-,0,0,0,0,0,0,-,-,-,00/01/1900 00:00,00/01/1900 00:00,N
601,488561,140300070,ComipemsV2,1516,30,0,60,0,-,-,-,-,-,-,0,0,0,0,0,0,-,-,-,00/01/1900 00:00,00/01/1900 00:00,N
602,488604,360401203,ComipemsV2,1516,30,0,60,0,-,-,-,-,-,-,0,0,0,0,0,0,-,-,-,00/01/1900 00:00,00/01/1900 00:00,N
603,488730,350100296,ComipemsV2,1516,30,0,60,0,-,-,-,-,-,-,0,0,0,0,0,0,-,-,-,00/01/1900 00:00,00/01/1900 00:00,N
604,488732,390109995,ComipemsV2,1516,30,0,60,0,-,-,-,-,-,-,0,0,0,0,0,0,-,-,-,00/01/1900 00:00,00/01/1900 00:00,N
605,488753,270806645,ComipemsV2,1516,30,0,60,0,-,-,-,-,-,-,0,0,0,0,0,0,-,-,-,00/01/1900 00:00,00/01/1900 00:00,N
606,488793,050606087,ComipemsV2,1516,30,0,60,0,-,-,-,-,-,-,0,0,0,0,0,0,-,-,-,00/01/1900 00:00,00/01/1900 00:00,N
607,488808,011053865,ComipemsV2,1516,30,0,60,0,-,-,-,-,-,-,0,0,0,0,0,0,-,-,-,00/01/1900 00:00,00/01/1900 00:00,N
608,435578,220505193,ComipemsV2,1516,30,0,60,0,-,-,-,-,-,-,0,0,0,0,0,0,-,-,-,00/01/1900 00:00,00/01/1900 00:00,N
609,372286,330301372,ComipemsV2,1516,30,0,60,0,-,-,-,-,-,-,0,0,0,0,0,0,-,-,-,00/01/1900 00:00,00/01/1900 00:00,N
610,479927,160708846,ComipemsV2,1516,30,0,60,0,-,-,-,-,-,-,0,0,0,0,0,0,-,-,-,00/01/1900 00:00,00/01/1900 00:00,N
611,480857,160607740,ComipemsV2,1516,30,0,60,0,-,-,-,-,-,-,0,0,0,0,0,0,-,-,-,00/01/1900 00:00,00/01/1900 00:00,N
612,999999,999999999,1516,30,0,60,0,-,-,-,-,-,-,0,0,0,0,0,0,-,-,-,00/01/1900 00:00,00/01/1900 00:00,N,
