Folio unam|Folio Comipems|
311253|010501190|
311755|011802043|
311867|014602250|
312025|011202714|
312893|012804152|
312939|013404165|
313357|012804848|
313885|016005705|
314684|014207933|
315041|014608508|
315210|017008768|
315991|011409982|
316212|011210487|
316485|016906576|
316559|017210968|
316727|010111385|
317379|011807008|
317941|170301827|
318857|180200500|
318971|180200707|
319036|180500776|
319232|180301126|
319688|180401735|
319992|180100226|
320080|013445727|
320133|015146573|
320615|016547388|
320689|016945733|
320902|011447871|
321402|010148775|
321539|012849046|
321901|017049750|
322127|016746247|
323229|013852502|
323493|010552927|
323921|010553796|
324046|010353920|
324524|300500408|
324570|300300602|
324584|300400620|
324879|300401683|
325061|290407991|
325298|300100008|
325402|300501863|
325469|300203484|
325581|300403842|
325602|300203884|
325629|300203988|
325670|300104152|
325754|300204317|
326017|300402336|
326134|300402806|
326169|300503001|
326302|040404083|
326505|050500629|
326889|040204157|
326891|040104130|
326964|050801050|
327096|050201181|
327203|050601304|
327364|050301496|
327450|050300012|
328891|050103135|
329069|050803326|
329079|050703309|
329462|050703702|
329560|050503802|
329634|050603925|
329736|050204000|
329782|050604051|
330024|050502195|
330210|050602354|
330733|370200010|
331039|370501130|
332421|380101549|
332536|380201768|
332615|380401945|
332910|380202546|
333164|360204758|
333471|380204620|
333530|380104865|
333579|380404917|
334312|390200788|
334772|390301427|
334863|390201506|
334920|390201705|
335178|390402004|
335366|390102210|
335391|390502275|
335955|390303143|
335987|390603136|
336848|110301660|
337543|120200345|
337956|120100845|
340286|120504258|
340532|130400134|
340837|130200492|
341437|130501181|
341568|120402341|
342160|015226629|
342750|014627482|
343174|016328183|
343284|011228456|
343339|017328530|
343508|015828734|
343571|011828820|
343591|017628930|
344477|014631046|
344560|011531244|
344624|010431356|
344774|010331611|
345090|011132138|
345275|013832564|
345827|012733463|
345880|015333563|
346128|016733910|
346209|016334084|
346682|011734849|
346693|011634798|
348176|400310303|
348248|070305897|
348460|080109637|
348738|400210827|
348823|180404334|
348839|180104400|
349267|080109945|
349721|020507127|
349759|020607203|
349810|020507237|
349851|020507277|
350351|070305937|
350710|330206946|
351136|250606367|
352016|300411438|
352051|300111377|
352938|330107291|
353636|210302536|
353664|220100046|
353685|220400050|
354042|220200398|
354526|210102134|
354964|220101431|
354989|220501489|
355108|220101629|
355610|220502132|
355892|220101069|
356181|220501408|
356211|280505048|
356367|280206904|
356855|280205761|
357600|290101122|
358464|270103020|
358696|270703539|
358746|270703807|
359043|270600839|
359352|270604609|
359894|270207542|
360278|270108699|
360556|270105540|
361004|090704974|
361351|090405428|
361403|090805488|
361537|090705623|
362254|090806748|
362266|090406824|
362992|090807756|
363431|090506388|
363722|340300653|
364116|340201390|
364203|330406601|
364656|340402434|
364664|340402413|
364891|340402684|
364940|340302777|
365487|340404019|
365673|340504361|
366169|340605276|
366298|340205526|
369525|200301226|
371158|200103831|
371817|330201877|
372072|330400985|
372228|330201271|
372286|330301372|
372434|330201637|
372774|330503514|
372797|330403535|
372855|330503616|
373017|330202585|
373079|330302710|
373820|240500114|
374498|240200910|
374560|240301102|
375687|240302819|
375747|240202853|
376135|240503397|
376646|080103768|
377023|080504932|
377055|080105039|
377202|080203870|
377447|080405426|
377486|080905546|
377695|080105876|
377886|080806061|
377992|080206265|
378046|080504012|
378154|080304191|
378194|080904202|
378283|080804422|
378361|080806352|
378492|080707152|
378633|080207379|
378805|080707625|
378861|080407653|
378974|080907716|
379022|080507807|
379267|080808189|
379789|080206615|
379853|080806701|
379959|080906895|
380005|080506953|
380054|400701793|
381030|400302225|
381482|400504927|
381983|400805725|
383395|020604610|
383426|020504685|
383478|020404709|
383481|020504716|
383853|020605166|
384179|020203049|
384198|020505549|
384723|020403148|
385055|020203273|
385790|030200692|
385903|030500850|
386108|030301202|
387122|030502658|
387622|010455852|
387696|020606352|
387799|020506497|
387972|060301978|
388533|070200383|
388746|070700684|
389199|070401231|
389389|070701464|
389726|070501534|
389729|070101581|
389740|070701517|
389779|070502204|
390059|070502646|
390867|070501744|
391386|070501988|
392610|160401370|
393266|150203134|
393622|160103007|
393660|160803097|
393773|160303222|
393796|160203294|
393823|160103371|
395521|250505433|
396280|250304700|
396338|250304735|
397587|260101029|
398053|320402877|
398100|320202999|
399368|013913276|
399885|010812493|
400096|013414589|
400111|015214656|
400278|010214947|
400533|011815356|
401159|016416414|
402134|014812865|
402541|011418758|
402764|012619954|
402794|015919919|
403035|015920446|
403342|010120888|
403553|010621250|
403646|016918884|
403886|011221854|
404309|010322547|
404689|010423279|
404783|014219105|
404843|010923527|
405785|180502604|
406001|180302969|
406323|180103437|
406619|180103865|
406842|180602278|
406876|180302247|
406919|180202379|
406964|180502454|
407226|190300654|
407665|190301325|
408140|190300074|
408320|190300365|
408938|070106086|
409405|080710611|
409529|070706168|
409824|170302723|
410258|180604752|
410746|020500686|
410952|020100949|
411293|020401377|
411302|020401382|
411707|020200075|
411998|020302253|
412086|020302393|
412117|020302402|
412724|020600522|
412761|300104924|
412816|300406444|
412917|300506717|
413202|300307477|
413203|300507577|
413273|300105187|
413281|300505029|
413342|300405197|
413416|300505630|
413480|300405758|
413544|300205847|
413570|300306026|
413821|300209546|
413929|300410020|
413960|300109917|
413974|300210078|
414140|300310672|
414170|300310661|
414215|300407890|
414244|300308109|
414380|300408477|
414398|300308538|
414490|300508853|
414573|300509055|
414644|050104716|
414799|050404945|
415002|050805175|
415476|050105630|
415579|050805751|
415773|050805908|
415819|050505961|
415872|050106027|
415873|050706057|
416104|050806266|
416460|050204599|
416631|050306924|
416862|050407165|
418190|050606640|
418308|050506812|
418560|390504155|
418692|390104396|
419010|390604784|
419531|399903427|
419811|390405996|
420712|399907407|
420858|399907639|
421040|390607868|
421244|390403873|
421413|390608799|
421581|399909129|
422076|390309801|
422681|399910743|
423045|400800178|
424166|390108651|
424185|130401351|
424355|140600053|
424437|140400172|
424487|140600202|
424540|140400275|
425377|140401300|
425415|140601327|
425435|140301355|
425665|140401658|
425726|140301756|
425730|140401750|
425892|130401534|
426325|140602512|
427084|140403711|
427273|140303972|
427471|140104218|
427520|140803055|
429315|150402299|
429525|140203346|
429569|140203415|
429730|015635069|
430013|016236582|
430435|011137265|
430943|013638203|
431233|010638767|
432238|010635784|
432443|014341338|
432550|011241542|
433741|010643814|
435079|390211103|
435211|030205071|
435240|220105254|
435264|220205235|
435346|380106894|
435392|380206849|
435537|230301847|
435538|230101868|
435578|220505193|
435737|290208925|
436023|040304206|
436274|120304726|
436367|140104363|
436969|050607855|
437033|070706678|
437259|090208814|
437346|250106224|
437805|180404837|
437840|180304765|
438004|200406156|
438184|220405426|
438198|240103750|
438238|240103737|
438307|090408605|
438351|220405276|
438490|040604267|
438571|090409030|
438588|090109048|
438694|160410103|
439287|400111673|
439660|240303856|
439780|280510210|
439832|300211622|
440075|010158427|
440077|020507423|
440241|059908232|
440273|100403987|
440378|080911153|
440411|400211759|
440584|220102971|
440954|220403408|
441511|220102594|
441701|220402852|
442081|220404651|
442136|220204758|
442347|220103989|
442385|220403995|
442444|220505078|
442708|230300347|
442732|230100337|
442880|220404129|
443487|290203869|
444962|270108878|
445230|270210903|
445276|270211022|
445362|270711401|
445517|270508926|
445975|270509336|
446161|270109802|
446299|280200836|
446498|280602774|
446644|280503298|
447071|280304547|
447123|280204700|
447474|280301803|
447678|100400501|
449024|100300428|
449182|100302442|
449350|100102643|
450138|110300253|
450149|110100324|
451393|350501305|
451428|350201510|
451630|350102687|
451859|350103453|
451908|350603616|
452239|350203750|
452406|360100776|
453278|360403060|
453452|360603351|
453840|360400153|
455678|200504067|
456549|210201098|
456734|210401412|
457161|210101790|
457387|210400699|
457557|210400889|
457583|210200867|
457722|330504517|
457871|330404730|
459366|250200608|
461318|250603119|
462236|250604191|
462304|250604248|
462646|080108752|
462732|080109444|
462766|080709474|
462877|090900128|
463304|090300687|
463354|090300709|
464023|080208995|
464142|080809167|
464167|080509194|
464240|080709267|
464607|090702528|
465230|090703322|
465385|090703517|
465969|090602188|
466694|400607743|
466714|400307742|
466997|400306367|
467178|400206716|
467483|400309227|
467635|400809476|
468022|400410005|
468299|400408621|
468569|030303733|
468721|030303984|
468943|030504357|
469158|030404631|
469493|040100259|
469706|040100445|
469712|040600460|
470000|040400796|
470024|040400772|
470033|040300858|
470072|040600835|
470431|040301186|
470504|040401299|
471037|030203415|
471121|030503584|
471183|040401356|
471457|040402115|
471488|040402223|
471621|040502372|
471678|040302423|
471680|040502453|
471983|040202747|
472025|040502817|
472029|040102816|
472053|040102777|
472200|040202963|
472327|040603108|
472369|040403090|
472545|040503294|
472629|040603371|
472657|040603449|
472760|040403544|
472770|040303552|
472810|040503602|
472818|040303606|
472887|040203704|
472984|040503753|
473096|040403922|
473097|040203891|
473497|013957007|
473716|040301734|
473840|040201828|
474074|070505095|
474244|070705365|
474441|070704310|
474641|080400026|
474694|080300144|
474751|080100217|
474962|080400461|
474997|070704370|
475009|070404328|
475115|080700624|
475140|080100659|
475441|070704490|
475451|070504546|
475459|070204475|
475475|070404477|
475687|070604824|
476064|080202188|
476176|080802387|
476537|080502795|
476712|080503129|
477302|080601331|
477917|160205807|
478362|160406402|
479562|160408303|
479647|160808427|
479682|160808546|
479927|160708846|
480857|160607740|
481005|260304016|
481453|260206108|
481765|260106838|
482133|260104493|
482456|260507465|
482607|260308769|
482726|260409072|
482727|260508998|
482996|260307607|
483193|260410040|
483272|260110129|
483564|260207796|
484688|330200572|
484938|320307761|
485108|330300131|
485956|310601706|
486028|310201786|
486130|310702129|
486884|310304135|
487086|310404675|
487544|310605763|
487706|311006289|
488328|320200609|
488561|140300070|
488604|360401203|
488730|350100296|
488732|390109995|
488753|270806645|
488793|050606087|
488808|011053865|
